record_id,plot_id,farm_id,crop,state,year,season,date,chemical_name,chemical_type,chemical_category,application_rate,unit,application_method,weather_at_application,temperature_c,notes
CHEM-0001,plot-001a,farm-001,Rice,Punjab,2020,Kharif,2020-07-08,DAP (18-46-0),fertilizer,phosphorus,51.3,kg/ha,band,cloudy,34.7,
CHEM-0002,plot-001a,farm-001,Rice,Punjab,2020,Kharif,2020-05-01,DAP (18-46-0),fertilizer,phosphorus,79.5,kg/ha,broadcast,cloudy,24.7,
CHEM-0003,plot-001a,farm-001,Rice,Punjab,2020,Kharif,2020-08-08,Urea (46-0-0),fertilizer,nitrogen,119.3,kg/ha,drip,light rain,36.2,
CHEM-0004,plot-001a,farm-001,Rice,Punjab,2020,Kharif,2020-06-23,Urea (46-0-0),fertilizer,nitrogen,133.1,kg/ha,drip,light rain,25.6,
CHEM-0005,plot-001a,farm-001,Rice,Punjab,2020,Kharif,2020-09-04,Propiconazole 25EC,pesticide,fungicide,440.9,ml/ha,power sprayer,cloudy,31.7,
CHEM-0006,plot-001a,farm-001,Rice,Punjab,2021,Kharif,2021-08-03,Borax,fertilizer,micronutrient,10.4,kg/ha,foliar,light rain,31.5,
CHEM-0007,plot-001a,farm-001,Rice,Punjab,2021,Kharif,2021-06-25,DAP (18-46-0),fertilizer,phosphorus,52.3,kg/ha,foliar,clear,37.1,
CHEM-0008,plot-001a,farm-001,Rice,Punjab,2021,Kharif,2021-08-06,Glyphosate 41SL,pesticide,herbicide,1917.0,ml/ha,power sprayer,cloudy,25.4,
CHEM-0009,plot-001a,farm-001,Rice,Punjab,2022,Kharif,2022-06-18,DAP (18-46-0),fertilizer,phosphorus,80.5,kg/ha,band,cloudy,29.2,
CHEM-0010,plot-001a,farm-001,Rice,Punjab,2022,Kharif,2022-06-22,Ammonium Sulphate,fertilizer,nitrogen,119.3,kg/ha,foliar,clear,24.6,
CHEM-0011,plot-001a,farm-001,Rice,Punjab,2022,Kharif,2022-08-09,Urea (46-0-0),fertilizer,nitrogen,136.4,kg/ha,broadcast,cloudy,38.3,
CHEM-0012,plot-001a,farm-001,Rice,Punjab,2022,Kharif,2022-09-13,Propiconazole 25EC,pesticide,fungicide,485.1,ml/ha,drone,clear morning,26.2,
CHEM-0013,plot-001a,farm-001,Rice,Punjab,2022,Kharif,2022-08-24,Mancozeb 75WP,pesticide,fungicide,2617.5,g/ha,drone,evening calm,28.4,
CHEM-0014,plot-001a,farm-001,Rice,Punjab,2022,Kharif,2022-07-17,Mancozeb 75WP,pesticide,fungicide,2996.0,g/ha,drone,clear morning,34.1,
CHEM-0015,plot-001a,farm-001,Rice,Punjab,2023,Kharif,2023-08-20,MOP (0-0-60),fertilizer,potassium,61.4,kg/ha,broadcast,overcast,27.6,
CHEM-0016,plot-001a,farm-001,Rice,Punjab,2023,Kharif,2023-05-22,Borax,fertilizer,micronutrient,10.3,kg/ha,broadcast,light rain,35.4,
CHEM-0017,plot-001a,farm-001,Rice,Punjab,2023,Kharif,2023-07-15,Imidacloprid 17.8SL,pesticide,insecticide,115.2,ml/ha,foliar spray,evening calm,36.0,
CHEM-0018,plot-001a,farm-001,Rice,Punjab,2023,Kharif,2023-07-17,Carbendazim 50WP,pesticide,fungicide,493.0,g/ha,foliar spray,evening calm,26.8,
CHEM-0019,plot-001a,farm-001,Rice,Punjab,2024,Kharif,2024-06-18,NPK 20:20:0,fertilizer,complex,69.2,kg/ha,broadcast,light rain,29.8,
CHEM-0020,plot-001a,farm-001,Rice,Punjab,2024,Kharif,2024-07-08,DAP (18-46-0),fertilizer,phosphorus,96.5,kg/ha,broadcast,cloudy,37.6,
CHEM-0021,plot-001a,farm-001,Rice,Punjab,2024,Kharif,2024-08-27,DAP (18-46-0),fertilizer,phosphorus,54.3,kg/ha,broadcast,cloudy,22.6,
CHEM-0022,plot-001a,farm-001,Rice,Punjab,2024,Kharif,2024-06-09,Borax,fertilizer,micronutrient,14.5,kg/ha,drip,cloudy,38.6,
CHEM-0023,plot-001a,farm-001,Rice,Punjab,2024,Kharif,2024-09-22,Mancozeb 75WP,pesticide,fungicide,2569.4,g/ha,power sprayer,cloudy,36.4,
CHEM-0024,plot-001a,farm-001,Rice,Punjab,2024,Kharif,2024-07-03,"2,4-D Sodium Salt 80WP",pesticide,herbicide,560.5,g/ha,power sprayer,clear morning,31.4,
CHEM-0025,plot-001a,farm-001,Rice,Punjab,2024,Kharif,2024-06-03,Mancozeb 75WP,pesticide,fungicide,2382.7,g/ha,foliar spray,clear morning,23.1,
CHEM-0026,plot-001a,farm-001,Rice,Punjab,2025,Kharif,2025-06-09,SSP (Single Super Phosphate),fertilizer,phosphorus,107.1,kg/ha,drip,cloudy,30.8,
CHEM-0027,plot-001a,farm-001,Rice,Punjab,2025,Kharif,2025-08-26,Borax,fertilizer,micronutrient,7.4,kg/ha,drip,cloudy,21.9,
CHEM-0028,plot-001a,farm-001,Rice,Punjab,2025,Kharif,2025-09-15,Glyphosate 41SL,pesticide,herbicide,2031.4,ml/ha,foliar spray,evening calm,32.5,
CHEM-0029,plot-001a,farm-001,Rice,Punjab,2025,Kharif,2025-08-26,Imidacloprid 17.8SL,pesticide,insecticide,87.3,ml/ha,foliar spray,clear morning,25.1,
CHEM-0030,plot-001a,farm-001,Rice,Punjab,2025,Kharif,2025-09-06,Pretilachlor 50EC,pesticide,herbicide,779.4,ml/ha,power sprayer,cloudy,26.0,
CHEM-0031,plot-001a,farm-001,Rice,Punjab,2026,Kharif,2026-05-02,Borax,fertilizer,micronutrient,13.1,kg/ha,broadcast,clear,38.5,
CHEM-0032,plot-001a,farm-001,Rice,Punjab,2026,Kharif,2026-08-16,NPK 20:20:0,fertilizer,complex,70.0,kg/ha,band,overcast,38.0,
CHEM-0033,plot-001a,farm-001,Rice,Punjab,2026,Kharif,2026-09-09,Glyphosate 41SL,pesticide,herbicide,1503.2,ml/ha,drone,cloudy,28.8,
CHEM-0034,plot-001b,farm-001,Wheat,Punjab,2020,Rabi,2020-12-07,Borax,fertilizer,micronutrient,6.5,kg/ha,broadcast,clear,35.0,
CHEM-0035,plot-001b,farm-001,Wheat,Punjab,2020,Rabi,2020-11-02,Ammonium Sulphate,fertilizer,nitrogen,148.6,kg/ha,broadcast,cloudy,21.4,
CHEM-0036,plot-001b,farm-001,Wheat,Punjab,2020,Rabi,2020-11-13,DAP (18-46-0),fertilizer,phosphorus,83.8,kg/ha,broadcast,cloudy,31.6,
CHEM-0037,plot-001b,farm-001,Wheat,Punjab,2020,Rabi,2020-12-09,Ammonium Sulphate,fertilizer,nitrogen,145.2,kg/ha,band,light rain,24.8,
CHEM-0038,plot-001b,farm-001,Wheat,Punjab,2020,Rabi,2020-02-15,Lambda Cyhalothrin 5EC,pesticide,insecticide,501.5,ml/ha,power sprayer,clear morning,22.1,
CHEM-0039,plot-001b,farm-001,Wheat,Punjab,2020,Rabi,2020-01-17,Imidacloprid 17.8SL,pesticide,insecticide,88.8,ml/ha,power sprayer,clear morning,36.9,
CHEM-0040,plot-001b,farm-001,Wheat,Punjab,2021,Rabi,2021-11-15,NPK 20:20:0,fertilizer,complex,82.2,kg/ha,foliar,clear,33.4,
CHEM-0041,plot-001b,farm-001,Wheat,Punjab,2021,Rabi,2021-11-09,Ammonium Sulphate,fertilizer,nitrogen,126.2,kg/ha,broadcast,clear,34.8,
CHEM-0042,plot-001b,farm-001,Wheat,Punjab,2021,Rabi,2021-01-23,Carbendazim 50WP,pesticide,fungicide,320.4,g/ha,power sprayer,clear morning,33.0,
CHEM-0043,plot-001b,farm-001,Wheat,Punjab,2022,Rabi,2022-11-03,Borax,fertilizer,micronutrient,7.5,kg/ha,drip,light rain,20.9,
CHEM-0044,plot-001b,farm-001,Wheat,Punjab,2022,Rabi,2022-12-06,SSP (Single Super Phosphate),fertilizer,phosphorus,177.1,kg/ha,drip,overcast,31.2,
CHEM-0045,plot-001b,farm-001,Wheat,Punjab,2022,Rabi,2022-11-18,DAP (18-46-0),fertilizer,phosphorus,53.8,kg/ha,broadcast,light rain,31.7,
CHEM-0046,plot-001b,farm-001,Wheat,Punjab,2022,Rabi,2022-02-12,Glyphosate 41SL,pesticide,herbicide,1691.2,ml/ha,foliar spray,cloudy,25.4,
CHEM-0047,plot-001b,farm-001,Wheat,Punjab,2023,Rabi,2023-12-20,DAP (18-46-0),fertilizer,phosphorus,67.7,kg/ha,band,cloudy,37.3,
CHEM-0048,plot-001b,farm-001,Wheat,Punjab,2023,Rabi,2023-11-06,MOP (0-0-60),fertilizer,potassium,74.1,kg/ha,foliar,overcast,36.0,
CHEM-0049,plot-001b,farm-001,Wheat,Punjab,2023,Rabi,2023-03-04,Mancozeb 75WP,pesticide,fungicide,1900.2,g/ha,drone,clear morning,35.7,
CHEM-0050,plot-001b,farm-001,Wheat,Punjab,2023,Rabi,2023-02-12,Mancozeb 75WP,pesticide,fungicide,1799.4,g/ha,power sprayer,clear morning,25.6,
CHEM-0051,plot-001b,farm-001,Wheat,Punjab,2023,Rabi,2023-02-28,Mancozeb 75WP,pesticide,fungicide,2097.7,g/ha,foliar spray,cloudy,27.6,
CHEM-0052,plot-001b,farm-001,Wheat,Punjab,2024,Rabi,2024-12-01,Zinc Sulphate,fertilizer,micronutrient,20.2,kg/ha,broadcast,light rain,23.6,
CHEM-0053,plot-001b,farm-001,Wheat,Punjab,2024,Rabi,2024-12-24,Ammonium Sulphate,fertilizer,nitrogen,155.8,kg/ha,foliar,overcast,32.1,
CHEM-0054,plot-001b,farm-001,Wheat,Punjab,2024,Rabi,2024-11-09,DAP (18-46-0),fertilizer,phosphorus,69.3,kg/ha,broadcast,overcast,20.0,
CHEM-0055,plot-001b,farm-001,Wheat,Punjab,2024,Rabi,2024-11-22,NPK 20:20:0,fertilizer,complex,81.9,kg/ha,foliar,light rain,33.3,
CHEM-0056,plot-001b,farm-001,Wheat,Punjab,2024,Rabi,2024-02-13,Chlorpyrifos 20EC,pesticide,insecticide,2666.9,ml/ha,power sprayer,evening calm,24.0,Heavy dose due to severe stem borer infestation
CHEM-0057,plot-001b,farm-001,Wheat,Punjab,2025,Rabi,2025-11-20,Zinc Sulphate,fertilizer,micronutrient,20.2,kg/ha,foliar,overcast,31.0,
CHEM-0058,plot-001b,farm-001,Wheat,Punjab,2025,Rabi,2025-12-15,Ammonium Sulphate,fertilizer,nitrogen,132.6,kg/ha,drip,overcast,33.5,
CHEM-0059,plot-001b,farm-001,Wheat,Punjab,2025,Rabi,2025-11-22,Borax,fertilizer,micronutrient,12.9,kg/ha,broadcast,light rain,30.3,
CHEM-0060,plot-001b,farm-001,Wheat,Punjab,2025,Rabi,2025-01-22,Propiconazole 25EC,pesticide,fungicide,437.4,ml/ha,power sprayer,clear morning,34.9,
CHEM-0061,plot-001b,farm-001,Wheat,Punjab,2025,Rabi,2025-01-16,Lambda Cyhalothrin 5EC,pesticide,insecticide,307.3,ml/ha,foliar spray,cloudy,28.6,
CHEM-0062,plot-001b,farm-001,Wheat,Punjab,2025,Rabi,2025-02-16,Mancozeb 75WP,pesticide,fungicide,2577.5,g/ha,drone,clear morning,24.4,
CHEM-0063,plot-001b,farm-001,Wheat,Punjab,2026,Rabi,2026-11-25,Ammonium Sulphate,fertilizer,nitrogen,171.6,kg/ha,drip,cloudy,23.5,
CHEM-0064,plot-001b,farm-001,Wheat,Punjab,2026,Rabi,2026-11-28,Borax,fertilizer,micronutrient,5.5,kg/ha,broadcast,overcast,22.7,
CHEM-0065,plot-001b,farm-001,Wheat,Punjab,2026,Rabi,2026-12-25,Borax,fertilizer,micronutrient,11.7,kg/ha,drip,overcast,36.6,
CHEM-0066,plot-001b,farm-001,Wheat,Punjab,2026,Rabi,2026-12-15,Borax,fertilizer,micronutrient,14.0,kg/ha,foliar,cloudy,36.8,
CHEM-0067,plot-001b,farm-001,Wheat,Punjab,2026,Rabi,2026-01-09,Pretilachlor 50EC,pesticide,herbicide,793.8,ml/ha,drone,clear morning,33.4,
CHEM-0068,plot-001b,farm-001,Wheat,Punjab,2026,Rabi,2026-02-18,Mancozeb 75WP,pesticide,fungicide,1907.6,g/ha,foliar spray,clear morning,24.4,
CHEM-0069,plot-001c,farm-001,Rice,Punjab,2020,Kharif,2020-05-14,MOP (0-0-60),fertilizer,potassium,65.3,kg/ha,drip,light rain,30.9,
CHEM-0070,plot-001c,farm-001,Rice,Punjab,2020,Kharif,2020-08-13,Zinc Sulphate,fertilizer,micronutrient,10.9,kg/ha,broadcast,overcast,29.5,
CHEM-0071,plot-001c,farm-001,Rice,Punjab,2020,Kharif,2020-08-28,SSP (Single Super Phosphate),fertilizer,phosphorus,129.9,kg/ha,drip,cloudy,29.8,
CHEM-0072,plot-001c,farm-001,Rice,Punjab,2020,Kharif,2020-09-11,Glyphosate 41SL,pesticide,herbicide,2228.5,ml/ha,drone,evening calm,24.6,
CHEM-0073,plot-001c,farm-001,Rice,Punjab,2020,Kharif,2020-06-13,"2,4-D Sodium Salt 80WP",pesticide,herbicide,959.8,g/ha,foliar spray,clear morning,32.3,
CHEM-0074,plot-001c,farm-001,Rice,Punjab,2021,Kharif,2021-07-13,Borax,fertilizer,micronutrient,6.8,kg/ha,foliar,cloudy,29.1,
CHEM-0075,plot-001c,farm-001,Rice,Punjab,2021,Kharif,2021-08-09,SSP (Single Super Phosphate),fertilizer,phosphorus,176.1,kg/ha,drip,light rain,36.7,
CHEM-0076,plot-001c,farm-001,Rice,Punjab,2021,Kharif,2021-06-12,Chlorpyrifos 20EC,pesticide,insecticide,2123.5,ml/ha,knapsack,evening calm,23.1,
CHEM-0077,plot-001c,farm-001,Rice,Punjab,2021,Kharif,2021-07-07,Chlorpyrifos 20EC,pesticide,insecticide,2131.3,ml/ha,foliar spray,evening calm,24.4,
CHEM-0078,plot-001c,farm-001,Rice,Punjab,2022,Kharif,2022-06-15,Borax,fertilizer,micronutrient,11.7,kg/ha,foliar,light rain,23.4,
CHEM-0079,plot-001c,farm-001,Rice,Punjab,2022,Kharif,2022-06-10,DAP (18-46-0),fertilizer,phosphorus,88.9,kg/ha,broadcast,clear,38.6,
CHEM-0080,plot-001c,farm-001,Rice,Punjab,2022,Kharif,2022-07-03,Glyphosate 41SL,pesticide,herbicide,2095.0,ml/ha,knapsack,clear morning,33.2,
CHEM-0081,plot-001c,farm-001,Rice,Punjab,2022,Kharif,2022-06-26,Carbendazim 50WP,pesticide,fungicide,462.6,g/ha,foliar spray,cloudy,30.5,
CHEM-0082,plot-001c,farm-001,Rice,Punjab,2022,Kharif,2022-08-01,Propiconazole 25EC,pesticide,fungicide,427.6,ml/ha,drone,cloudy,23.7,
CHEM-0083,plot-001c,farm-001,Rice,Punjab,2023,Kharif,2023-08-06,Borax,fertilizer,micronutrient,12.1,kg/ha,foliar,overcast,29.3,
CHEM-0084,plot-001c,farm-001,Rice,Punjab,2023,Kharif,2023-06-27,Ammonium Sulphate,fertilizer,nitrogen,72.6,kg/ha,broadcast,light rain,37.6,
CHEM-0085,plot-001c,farm-001,Rice,Punjab,2023,Kharif,2023-08-11,NPK 20:20:0,fertilizer,complex,105.0,kg/ha,broadcast,overcast,37.0,
CHEM-0086,plot-001c,farm-001,Rice,Punjab,2023,Kharif,2023-08-11,"2,4-D Sodium Salt 80WP",pesticide,herbicide,606.1,g/ha,power sprayer,evening calm,33.2,
CHEM-0087,plot-001c,farm-001,Rice,Punjab,2024,Kharif,2024-06-03,Urea (46-0-0),fertilizer,nitrogen,116.2,kg/ha,band,overcast,29.8,
CHEM-0088,plot-001c,farm-001,Rice,Punjab,2024,Kharif,2024-08-15,NPK 20:20:0,fertilizer,complex,101.4,kg/ha,broadcast,clear,25.9,
CHEM-0089,plot-001c,farm-001,Rice,Punjab,2024,Kharif,2024-07-22,Zinc Sulphate,fertilizer,micronutrient,20.4,kg/ha,foliar,overcast,31.1,
CHEM-0090,plot-001c,farm-001,Rice,Punjab,2024,Kharif,2024-08-12,Glyphosate 41SL,pesticide,herbicide,2994.9,ml/ha,drone,cloudy,26.9,
CHEM-0091,plot-001c,farm-001,Rice,Punjab,2024,Kharif,2024-07-11,Mancozeb 75WP,pesticide,fungicide,1681.0,g/ha,foliar spray,evening calm,30.6,
CHEM-0092,plot-001c,farm-001,Rice,Punjab,2025,Kharif,2025-08-09,MOP (0-0-60),fertilizer,potassium,39.6,kg/ha,foliar,clear,36.7,
CHEM-0093,plot-001c,farm-001,Rice,Punjab,2025,Kharif,2025-06-10,Ammonium Sulphate,fertilizer,nitrogen,65.9,kg/ha,broadcast,cloudy,25.5,
CHEM-0094,plot-001c,farm-001,Rice,Punjab,2025,Kharif,2025-06-21,Urea (46-0-0),fertilizer,nitrogen,118.7,kg/ha,drip,clear,37.5,
CHEM-0095,plot-001c,farm-001,Rice,Punjab,2025,Kharif,2025-08-11,Ammonium Sulphate,fertilizer,nitrogen,82.9,kg/ha,band,clear,25.0,
CHEM-0096,plot-001c,farm-001,Rice,Punjab,2025,Kharif,2025-09-16,Imidacloprid 17.8SL,pesticide,insecticide,178.7,ml/ha,foliar spray,evening calm,32.1,
CHEM-0097,plot-001c,farm-001,Rice,Punjab,2025,Kharif,2025-08-03,Chlorpyrifos 20EC,pesticide,insecticide,1227.6,ml/ha,knapsack,clear morning,30.9,
CHEM-0098,plot-001c,farm-001,Rice,Punjab,2026,Kharif,2026-08-15,NPK 20:20:0,fertilizer,complex,106.5,kg/ha,drip,light rain,37.2,
CHEM-0099,plot-001c,farm-001,Rice,Punjab,2026,Kharif,2026-05-20,Zinc Sulphate,fertilizer,micronutrient,14.6,kg/ha,broadcast,cloudy,32.5,
CHEM-0100,plot-001c,farm-001,Rice,Punjab,2026,Kharif,2026-06-08,Ammonium Sulphate,fertilizer,nitrogen,96.2,kg/ha,band,clear,23.1,
CHEM-0101,plot-001c,farm-001,Rice,Punjab,2026,Kharif,2026-09-10,"2,4-D Sodium Salt 80WP",pesticide,herbicide,844.7,g/ha,foliar spray,clear morning,26.6,
CHEM-0102,plot-001c,farm-001,Rice,Punjab,2026,Kharif,2026-09-03,Carbendazim 50WP,pesticide,fungicide,425.7,g/ha,knapsack,cloudy,34.6,
CHEM-0103,plot-002a,farm-002,Rice,Karnataka,2020,Kharif,2020-06-21,NPK 20:20:0,fertilizer,complex,85.5,kg/ha,band,light rain,36.5,
CHEM-0104,plot-002a,farm-002,Rice,Karnataka,2020,Kharif,2020-07-20,DAP (18-46-0),fertilizer,phosphorus,53.0,kg/ha,foliar,overcast,22.5,
CHEM-0105,plot-002a,farm-002,Rice,Karnataka,2020,Kharif,2020-07-17,Ammonium Sulphate,fertilizer,nitrogen,99.0,kg/ha,drip,overcast,21.6,
CHEM-0106,plot-002a,farm-002,Rice,Karnataka,2020,Kharif,2020-07-20,Urea (46-0-0),fertilizer,nitrogen,142.3,kg/ha,foliar,clear,21.8,
CHEM-0107,plot-002a,farm-002,Rice,Karnataka,2020,Kharif,2020-08-19,Chlorpyrifos 20EC,pesticide,insecticide,2499.4,ml/ha,foliar spray,clear morning,29.5,
CHEM-0108,plot-002a,farm-002,Rice,Karnataka,2020,Kharif,2020-07-19,"2,4-D Sodium Salt 80WP",pesticide,herbicide,958.0,g/ha,drone,evening calm,35.0,
CHEM-0109,plot-002a,farm-002,Rice,Karnataka,2020,Kharif,2020-09-11,Imidacloprid 17.8SL,pesticide,insecticide,136.4,ml/ha,power sprayer,evening calm,23.7,
CHEM-0110,plot-002a,farm-002,Rice,Karnataka,2021,Kharif,2021-08-10,SSP (Single Super Phosphate),fertilizer,phosphorus,141.2,kg/ha,drip,clear,29.1,
CHEM-0111,plot-002a,farm-002,Rice,Karnataka,2021,Kharif,2021-05-25,SSP (Single Super Phosphate),fertilizer,phosphorus,125.2,kg/ha,drip,clear,33.2,
CHEM-0112,plot-002a,farm-002,Rice,Karnataka,2021,Kharif,2021-07-17,"2,4-D Sodium Salt 80WP",pesticide,herbicide,706.6,g/ha,power sprayer,evening calm,34.1,
CHEM-0113,plot-002a,farm-002,Rice,Karnataka,2021,Kharif,2021-07-09,"2,4-D Sodium Salt 80WP",pesticide,herbicide,880.0,g/ha,knapsack,cloudy,29.0,
CHEM-0114,plot-002a,farm-002,Rice,Karnataka,2021,Kharif,2021-07-23,"2,4-D Sodium Salt 80WP",pesticide,herbicide,560.7,g/ha,knapsack,cloudy,30.8,
CHEM-0115,plot-002a,farm-002,Rice,Karnataka,2022,Kharif,2022-05-15,Zinc Sulphate,fertilizer,micronutrient,11.4,kg/ha,broadcast,cloudy,30.0,
CHEM-0116,plot-002a,farm-002,Rice,Karnataka,2022,Kharif,2022-07-14,Ammonium Sulphate,fertilizer,nitrogen,85.6,kg/ha,drip,overcast,24.9,
CHEM-0117,plot-002a,farm-002,Rice,Karnataka,2022,Kharif,2022-06-28,MOP (0-0-60),fertilizer,potassium,49.2,kg/ha,broadcast,light rain,35.5,
CHEM-0118,plot-002a,farm-002,Rice,Karnataka,2022,Kharif,2022-07-27,Zinc Sulphate,fertilizer,micronutrient,15.1,kg/ha,broadcast,light rain,34.5,
CHEM-0119,plot-002a,farm-002,Rice,Karnataka,2022,Kharif,2022-09-18,"2,4-D Sodium Salt 80WP",pesticide,herbicide,932.6,g/ha,drone,cloudy,27.3,
CHEM-0120,plot-002a,farm-002,Rice,Karnataka,2022,Kharif,2022-08-28,Pretilachlor 50EC,pesticide,herbicide,750.9,ml/ha,knapsack,evening calm,25.8,
CHEM-0121,plot-002a,farm-002,Rice,Karnataka,2022,Kharif,2022-09-02,Glyphosate 41SL,pesticide,herbicide,1850.3,ml/ha,power sprayer,evening calm,29.6,
CHEM-0122,plot-002a,farm-002,Rice,Karnataka,2023,Kharif,2023-06-16,Zinc Sulphate,fertilizer,micronutrient,24.8,kg/ha,broadcast,cloudy,30.0,
CHEM-0123,plot-002a,farm-002,Rice,Karnataka,2023,Kharif,2023-08-04,SSP (Single Super Phosphate),fertilizer,phosphorus,187.0,kg/ha,drip,clear,34.4,
CHEM-0124,plot-002a,farm-002,Rice,Karnataka,2023,Kharif,2023-06-03,Zinc Sulphate,fertilizer,micronutrient,23.1,kg/ha,drip,light rain,26.8,
CHEM-0125,plot-002a,farm-002,Rice,Karnataka,2023,Kharif,2023-08-28,Glyphosate 41SL,pesticide,herbicide,2474.8,ml/ha,drone,cloudy,32.0,
CHEM-0126,plot-002a,farm-002,Rice,Karnataka,2023,Kharif,2023-06-20,"2,4-D Sodium Salt 80WP",pesticide,herbicide,936.2,g/ha,foliar spray,clear morning,32.1,
CHEM-0127,plot-002a,farm-002,Rice,Karnataka,2023,Kharif,2023-06-14,Carbendazim 50WP,pesticide,fungicide,499.4,g/ha,foliar spray,evening calm,33.3,
CHEM-0128,plot-002a,farm-002,Rice,Karnataka,2024,Kharif,2024-07-01,Borax,fertilizer,micronutrient,6.7,kg/ha,broadcast,light rain,35.9,
CHEM-0129,plot-002a,farm-002,Rice,Karnataka,2024,Kharif,2024-08-05,Ammonium Sulphate,fertilizer,nitrogen,75.1,kg/ha,band,overcast,31.3,
CHEM-0130,plot-002a,farm-002,Rice,Karnataka,2024,Kharif,2024-09-20,Lambda Cyhalothrin 5EC,pesticide,insecticide,352.5,ml/ha,knapsack,cloudy,36.6,
CHEM-0131,plot-002a,farm-002,Rice,Karnataka,2025,Kharif,2025-07-15,NPK 20:20:0,fertilizer,complex,87.7,kg/ha,foliar,clear,38.0,
CHEM-0132,plot-002a,farm-002,Rice,Karnataka,2025,Kharif,2025-06-03,Borax,fertilizer,micronutrient,14.0,kg/ha,drip,light rain,39.8,
CHEM-0133,plot-002a,farm-002,Rice,Karnataka,2025,Kharif,2025-09-28,Glyphosate 41SL,pesticide,herbicide,2535.5,ml/ha,power sprayer,clear morning,38.0,
CHEM-0134,plot-002a,farm-002,Rice,Karnataka,2025,Kharif,2025-09-19,"2,4-D Sodium Salt 80WP",pesticide,herbicide,553.3,g/ha,power sprayer,evening calm,26.7,
CHEM-0135,plot-002a,farm-002,Rice,Karnataka,2026,Kharif,2026-08-09,Ammonium Sulphate,fertilizer,nitrogen,51.5,kg/ha,broadcast,clear,38.2,
CHEM-0136,plot-002a,farm-002,Rice,Karnataka,2026,Kharif,2026-07-25,Borax,fertilizer,micronutrient,13.3,kg/ha,band,light rain,24.4,
CHEM-0137,plot-002a,farm-002,Rice,Karnataka,2026,Kharif,2026-06-21,NPK 20:20:0,fertilizer,complex,97.3,kg/ha,broadcast,clear,26.2,
CHEM-0138,plot-002a,farm-002,Rice,Karnataka,2026,Kharif,2026-07-24,Borax,fertilizer,micronutrient,5.3,kg/ha,band,clear,38.2,
CHEM-0139,plot-002a,farm-002,Rice,Karnataka,2026,Kharif,2026-07-26,Glyphosate 41SL,pesticide,herbicide,1763.5,ml/ha,power sprayer,evening calm,30.0,
CHEM-0140,plot-002a,farm-002,Rice,Karnataka,2026,Kharif,2026-08-27,Carbendazim 50WP,pesticide,fungicide,457.6,g/ha,drone,cloudy,33.9,
CHEM-0141,plot-002b,farm-002,Maize,Karnataka,2020,Kharif,2020-05-05,DAP (18-46-0),fertilizer,phosphorus,73.4,kg/ha,band,overcast,39.3,
CHEM-0142,plot-002b,farm-002,Maize,Karnataka,2020,Kharif,2020-08-01,SSP (Single Super Phosphate),fertilizer,phosphorus,109.0,kg/ha,foliar,clear,29.1,
CHEM-0143,plot-002b,farm-002,Maize,Karnataka,2020,Kharif,2020-07-04,Ammonium Sulphate,fertilizer,nitrogen,90.9,kg/ha,band,overcast,20.5,
CHEM-0144,plot-002b,farm-002,Maize,Karnataka,2020,Kharif,2020-07-21,Propiconazole 25EC,pesticide,fungicide,766.1,ml/ha,foliar spray,evening calm,35.2,
CHEM-0145,plot-002b,farm-002,Maize,Karnataka,2020,Kharif,2020-06-05,Carbendazim 50WP,pesticide,fungicide,412.3,g/ha,foliar spray,clear morning,26.9,
CHEM-0146,plot-002b,farm-002,Maize,Karnataka,2020,Kharif,2020-07-18,"2,4-D Sodium Salt 80WP",pesticide,herbicide,558.1,g/ha,knapsack,cloudy,29.3,
CHEM-0147,plot-002b,farm-002,Maize,Karnataka,2021,Kharif,2021-06-14,Zinc Sulphate,fertilizer,micronutrient,18.8,kg/ha,broadcast,overcast,32.3,
CHEM-0148,plot-002b,farm-002,Maize,Karnataka,2021,Kharif,2021-07-07,Ammonium Sulphate,fertilizer,nitrogen,52.3,kg/ha,drip,overcast,39.0,
CHEM-0149,plot-002b,farm-002,Maize,Karnataka,2021,Kharif,2021-07-18,SSP (Single Super Phosphate),fertilizer,phosphorus,109.9,kg/ha,foliar,clear,28.0,
CHEM-0150,plot-002b,farm-002,Maize,Karnataka,2021,Kharif,2021-08-03,NPK 20:20:0,fertilizer,complex,118.1,kg/ha,band,clear,21.0,
CHEM-0151,plot-002b,farm-002,Maize,Karnataka,2021,Kharif,2021-07-03,Mancozeb 75WP,pesticide,fungicide,2983.2,g/ha,knapsack,evening calm,25.5,
CHEM-0152,plot-002b,farm-002,Maize,Karnataka,2021,Kharif,2021-07-26,Mancozeb 75WP,pesticide,fungicide,1992.8,g/ha,foliar spray,cloudy,35.7,
CHEM-0153,plot-002b,farm-002,Maize,Karnataka,2022,Kharif,2022-06-04,MOP (0-0-60),fertilizer,potassium,57.0,kg/ha,broadcast,cloudy,20.3,
CHEM-0154,plot-002b,farm-002,Maize,Karnataka,2022,Kharif,2022-05-06,NPK 20:20:0,fertilizer,complex,95.3,kg/ha,foliar,clear,22.5,
CHEM-0155,plot-002b,farm-002,Maize,Karnataka,2022,Kharif,2022-06-16,Pretilachlor 50EC,pesticide,herbicide,645.5,ml/ha,drone,cloudy,30.2,
CHEM-0156,plot-002b,farm-002,Maize,Karnataka,2022,Kharif,2022-07-20,Imidacloprid 17.8SL,pesticide,insecticide,134.2,ml/ha,foliar spray,evening calm,34.5,
CHEM-0157,plot-002b,farm-002,Maize,Karnataka,2023,Kharif,2023-05-02,Ammonium Sulphate,fertilizer,nitrogen,82.1,kg/ha,drip,overcast,28.5,
CHEM-0158,plot-002b,farm-002,Maize,Karnataka,2023,Kharif,2023-08-03,DAP (18-46-0),fertilizer,phosphorus,74.5,kg/ha,broadcast,light rain,32.2,
CHEM-0159,plot-002b,farm-002,Maize,Karnataka,2023,Kharif,2023-07-13,DAP (18-46-0),fertilizer,phosphorus,56.3,kg/ha,foliar,overcast,30.1,
CHEM-0160,plot-002b,farm-002,Maize,Karnataka,2023,Kharif,2023-05-28,Zinc Sulphate,fertilizer,micronutrient,11.5,kg/ha,band,overcast,29.0,
CHEM-0161,plot-002b,farm-002,Maize,Karnataka,2023,Kharif,2023-09-13,Glyphosate 41SL,pesticide,herbicide,2008.4,ml/ha,drone,evening calm,23.5,
CHEM-0162,plot-002b,farm-002,Maize,Karnataka,2024,Kharif,2024-07-05,SSP (Single Super Phosphate),fertilizer,phosphorus,166.5,kg/ha,drip,clear,21.8,
CHEM-0163,plot-002b,farm-002,Maize,Karnataka,2024,Kharif,2024-05-24,DAP (18-46-0),fertilizer,phosphorus,54.7,kg/ha,foliar,cloudy,31.1,
CHEM-0164,plot-002b,farm-002,Maize,Karnataka,2024,Kharif,2024-08-12,SSP (Single Super Phosphate),fertilizer,phosphorus,167.0,kg/ha,drip,clear,39.4,
CHEM-0165,plot-002b,farm-002,Maize,Karnataka,2024,Kharif,2024-07-05,Carbendazim 50WP,pesticide,fungicide,337.9,g/ha,drone,clear morning,35.6,
CHEM-0166,plot-002b,farm-002,Maize,Karnataka,2024,Kharif,2024-08-04,Propiconazole 25EC,pesticide,fungicide,738.1,ml/ha,power sprayer,evening calm,25.6,
CHEM-0167,plot-002b,farm-002,Maize,Karnataka,2024,Kharif,2024-06-20,Glyphosate 41SL,pesticide,herbicide,2767.7,ml/ha,power sprayer,clear morning,24.9,
CHEM-0168,plot-002b,farm-002,Maize,Karnataka,2025,Kharif,2025-07-01,Ammonium Sulphate,fertilizer,nitrogen,114.5,kg/ha,band,cloudy,31.3,
CHEM-0169,plot-002b,farm-002,Maize,Karnataka,2025,Kharif,2025-05-03,Zinc Sulphate,fertilizer,micronutrient,11.0,kg/ha,band,overcast,28.4,
CHEM-0170,plot-002b,farm-002,Maize,Karnataka,2025,Kharif,2025-07-24,SSP (Single Super Phosphate),fertilizer,phosphorus,115.7,kg/ha,foliar,clear,37.7,
CHEM-0171,plot-002b,farm-002,Maize,Karnataka,2025,Kharif,2025-05-22,MOP (0-0-60),fertilizer,potassium,37.9,kg/ha,broadcast,light rain,28.9,
CHEM-0172,plot-002b,farm-002,Maize,Karnataka,2025,Kharif,2025-09-09,"2,4-D Sodium Salt 80WP",pesticide,herbicide,803.5,g/ha,knapsack,evening calm,23.8,
CHEM-0173,plot-002b,farm-002,Maize,Karnataka,2025,Kharif,2025-09-17,Glyphosate 41SL,pesticide,herbicide,1666.3,ml/ha,power sprayer,clear morning,25.5,
CHEM-0174,plot-002b,farm-002,Maize,Karnataka,2026,Kharif,2026-07-07,Urea (46-0-0),fertilizer,nitrogen,80.5,kg/ha,band,light rain,25.8,
CHEM-0175,plot-002b,farm-002,Maize,Karnataka,2026,Kharif,2026-08-06,DAP (18-46-0),fertilizer,phosphorus,50.4,kg/ha,band,overcast,30.7,
CHEM-0176,plot-002b,farm-002,Maize,Karnataka,2026,Kharif,2026-07-03,NPK 20:20:0,fertilizer,complex,90.0,kg/ha,drip,clear,28.7,
CHEM-0177,plot-002b,farm-002,Maize,Karnataka,2026,Kharif,2026-07-19,Borax,fertilizer,micronutrient,14.2,kg/ha,drip,overcast,34.2,
CHEM-0178,plot-002b,farm-002,Maize,Karnataka,2026,Kharif,2026-06-11,Carbendazim 50WP,pesticide,fungicide,278.8,g/ha,knapsack,evening calm,29.4,
CHEM-0179,plot-002b,farm-002,Maize,Karnataka,2026,Kharif,2026-06-08,Propiconazole 25EC,pesticide,fungicide,435.3,ml/ha,drone,evening calm,28.4,
CHEM-0180,plot-002c,farm-002,Sugarcane,Karnataka,2020,Rabi,2020-12-08,Zinc Sulphate,fertilizer,micronutrient,23.1,kg/ha,foliar,cloudy,21.5,
CHEM-0181,plot-002c,farm-002,Sugarcane,Karnataka,2020,Rabi,2020-11-25,DAP (18-46-0),fertilizer,phosphorus,76.5,kg/ha,foliar,light rain,34.5,
CHEM-0182,plot-002c,farm-002,Sugarcane,Karnataka,2020,Rabi,2020-01-09,Lambda Cyhalothrin 5EC,pesticide,insecticide,370.9,ml/ha,knapsack,clear morning,31.6,
CHEM-0183,plot-002c,farm-002,Sugarcane,Karnataka,2020,Rabi,2020-03-16,Imidacloprid 17.8SL,pesticide,insecticide,101.3,ml/ha,drone,evening calm,34.2,
CHEM-0184,plot-002c,farm-002,Sugarcane,Karnataka,2020,Rabi,2020-03-21,"2,4-D Sodium Salt 80WP",pesticide,herbicide,840.6,g/ha,power sprayer,evening calm,27.1,
CHEM-0185,plot-002c,farm-002,Sugarcane,Karnataka,2021,Rabi,2021-12-26,DAP (18-46-0),fertilizer,phosphorus,73.4,kg/ha,foliar,clear,27.0,
CHEM-0186,plot-002c,farm-002,Sugarcane,Karnataka,2021,Rabi,2021-12-02,DAP (18-46-0),fertilizer,phosphorus,65.5,kg/ha,broadcast,light rain,36.6,
CHEM-0187,plot-002c,farm-002,Sugarcane,Karnataka,2021,Rabi,2021-11-20,DAP (18-46-0),fertilizer,phosphorus,82.2,kg/ha,drip,overcast,31.6,
CHEM-0188,plot-002c,farm-002,Sugarcane,Karnataka,2021,Rabi,2021-03-21,Chlorpyrifos 20EC,pesticide,insecticide,1674.6,ml/ha,knapsack,cloudy,31.7,
CHEM-0189,plot-002c,farm-002,Sugarcane,Karnataka,2021,Rabi,2021-01-15,Pretilachlor 50EC,pesticide,herbicide,660.3,ml/ha,foliar spray,cloudy,37.7,
CHEM-0190,plot-002c,farm-002,Sugarcane,Karnataka,2021,Rabi,2021-01-02,Imidacloprid 17.8SL,pesticide,insecticide,140.5,ml/ha,knapsack,evening calm,29.0,
CHEM-0191,plot-002c,farm-002,Sugarcane,Karnataka,2022,Rabi,2022-12-13,MOP (0-0-60),fertilizer,potassium,48.2,kg/ha,drip,light rain,33.6,
CHEM-0192,plot-002c,farm-002,Sugarcane,Karnataka,2022,Rabi,2022-12-03,Urea (46-0-0),fertilizer,nitrogen,135.2,kg/ha,foliar,clear,31.2,
CHEM-0193,plot-002c,farm-002,Sugarcane,Karnataka,2022,Rabi,2022-11-11,Zinc Sulphate,fertilizer,micronutrient,14.3,kg/ha,broadcast,cloudy,38.3,
CHEM-0194,plot-002c,farm-002,Sugarcane,Karnataka,2022,Rabi,2022-03-03,Glyphosate 41SL,pesticide,herbicide,1693.4,ml/ha,power sprayer,evening calm,28.0,
CHEM-0195,plot-002c,farm-002,Sugarcane,Karnataka,2022,Rabi,2022-03-23,Propiconazole 25EC,pesticide,fungicide,725.3,ml/ha,foliar spray,evening calm,32.7,
CHEM-0196,plot-002c,farm-002,Sugarcane,Karnataka,2023,Rabi,2023-12-06,SSP (Single Super Phosphate),fertilizer,phosphorus,101.8,kg/ha,band,light rain,39.0,
CHEM-0197,plot-002c,farm-002,Sugarcane,Karnataka,2023,Rabi,2023-11-05,Borax,fertilizer,micronutrient,6.9,kg/ha,broadcast,light rain,36.9,
CHEM-0198,plot-002c,farm-002,Sugarcane,Karnataka,2023,Rabi,2023-11-22,DAP (18-46-0),fertilizer,phosphorus,75.4,kg/ha,foliar,cloudy,31.9,
CHEM-0199,plot-002c,farm-002,Sugarcane,Karnataka,2023,Rabi,2023-11-24,MOP (0-0-60),fertilizer,potassium,38.1,kg/ha,drip,clear,28.2,
CHEM-0200,plot-002c,farm-002,Sugarcane,Karnataka,2023,Rabi,2023-03-10,Mancozeb 75WP,pesticide,fungicide,2954.4,g/ha,drone,clear morning,30.5,
CHEM-0201,plot-002c,farm-002,Sugarcane,Karnataka,2023,Rabi,2023-02-27,Carbendazim 50WP,pesticide,fungicide,491.4,g/ha,knapsack,cloudy,32.9,
CHEM-0202,plot-002c,farm-002,Sugarcane,Karnataka,2023,Rabi,2023-02-25,"2,4-D Sodium Salt 80WP",pesticide,herbicide,730.8,g/ha,drone,evening calm,30.4,
CHEM-0203,plot-002c,farm-002,Sugarcane,Karnataka,2024,Rabi,2024-11-28,NPK 20:20:0,fertilizer,complex,108.1,kg/ha,foliar,clear,32.8,
CHEM-0204,plot-002c,farm-002,Sugarcane,Karnataka,2024,Rabi,2024-11-23,SSP (Single Super Phosphate),fertilizer,phosphorus,155.5,kg/ha,broadcast,light rain,21.7,
CHEM-0205,plot-002c,farm-002,Sugarcane,Karnataka,2024,Rabi,2024-03-05,Carbendazim 50WP,pesticide,fungicide,362.3,g/ha,drone,clear morning,37.1,
CHEM-0206,plot-002c,farm-002,Sugarcane,Karnataka,2025,Rabi,2025-11-14,Borax,fertilizer,micronutrient,13.8,kg/ha,broadcast,overcast,30.0,
CHEM-0207,plot-002c,farm-002,Sugarcane,Karnataka,2025,Rabi,2025-11-12,NPK 20:20:0,fertilizer,complex,83.2,kg/ha,band,clear,26.4,
CHEM-0208,plot-002c,farm-002,Sugarcane,Karnataka,2025,Rabi,2025-01-02,Propiconazole 25EC,pesticide,fungicide,716.6,ml/ha,power sprayer,cloudy,33.1,
CHEM-0209,plot-002c,farm-002,Sugarcane,Karnataka,2026,Rabi,2026-11-03,Borax,fertilizer,micronutrient,9.5,kg/ha,broadcast,light rain,24.3,
CHEM-0210,plot-002c,farm-002,Sugarcane,Karnataka,2026,Rabi,2026-12-04,MOP (0-0-60),fertilizer,potassium,57.4,kg/ha,foliar,cloudy,26.0,
CHEM-0211,plot-002c,farm-002,Sugarcane,Karnataka,2026,Rabi,2026-03-15,Mancozeb 75WP,pesticide,fungicide,2129.7,g/ha,foliar spray,clear morning,35.4,
CHEM-0212,plot-003a,farm-003,Rice,Assam,2020,Kharif,2020-06-23,Urea (46-0-0),fertilizer,nitrogen,124.2,kg/ha,band,light rain,28.6,
CHEM-0213,plot-003a,farm-003,Rice,Assam,2020,Kharif,2020-08-06,SSP (Single Super Phosphate),fertilizer,phosphorus,124.1,kg/ha,broadcast,light rain,21.4,
CHEM-0214,plot-003a,farm-003,Rice,Assam,2020,Kharif,2020-08-02,Urea (46-0-0),fertilizer,nitrogen,107.3,kg/ha,drip,light rain,25.1,
CHEM-0215,plot-003a,farm-003,Rice,Assam,2020,Kharif,2020-08-08,Propiconazole 25EC,pesticide,fungicide,715.4,ml/ha,foliar spray,evening calm,33.8,
CHEM-0216,plot-003a,farm-003,Rice,Assam,2021,Kharif,2021-07-27,MOP (0-0-60),fertilizer,potassium,32.2,kg/ha,band,overcast,39.6,
CHEM-0217,plot-003a,farm-003,Rice,Assam,2021,Kharif,2021-06-03,Borax,fertilizer,micronutrient,11.3,kg/ha,drip,clear,25.9,
CHEM-0218,plot-003a,farm-003,Rice,Assam,2021,Kharif,2021-05-11,Urea (46-0-0),fertilizer,nitrogen,135.4,kg/ha,foliar,overcast,39.8,
CHEM-0219,plot-003a,farm-003,Rice,Assam,2021,Kharif,2021-07-10,"2,4-D Sodium Salt 80WP",pesticide,herbicide,626.7,g/ha,power sprayer,clear morning,35.9,
CHEM-0220,plot-003a,farm-003,Rice,Assam,2021,Kharif,2021-08-14,Propiconazole 25EC,pesticide,fungicide,509.3,ml/ha,drone,evening calm,29.0,
CHEM-0221,plot-003a,farm-003,Rice,Assam,2021,Kharif,2021-07-16,Glyphosate 41SL,pesticide,herbicide,2008.6,ml/ha,drone,cloudy,36.8,
CHEM-0222,plot-003a,farm-003,Rice,Assam,2022,Kharif,2022-08-03,Ammonium Sulphate,fertilizer,nitrogen,106.1,kg/ha,drip,cloudy,30.9,
CHEM-0223,plot-003a,farm-003,Rice,Assam,2022,Kharif,2022-07-22,SSP (Single Super Phosphate),fertilizer,phosphorus,110.3,kg/ha,foliar,light rain,28.9,
CHEM-0224,plot-003a,farm-003,Rice,Assam,2022,Kharif,2022-08-12,Zinc Sulphate,fertilizer,micronutrient,12.5,kg/ha,drip,clear,34.5,
CHEM-0225,plot-003a,farm-003,Rice,Assam,2022,Kharif,2022-08-09,SSP (Single Super Phosphate),fertilizer,phosphorus,161.5,kg/ha,broadcast,clear,33.4,
CHEM-0226,plot-003a,farm-003,Rice,Assam,2022,Kharif,2022-07-01,Propiconazole 25EC,pesticide,fungicide,605.2,ml/ha,knapsack,evening calm,32.8,
CHEM-0227,plot-003a,farm-003,Rice,Assam,2022,Kharif,2022-06-08,"2,4-D Sodium Salt 80WP",pesticide,herbicide,517.4,g/ha,power sprayer,cloudy,28.1,
CHEM-0228,plot-003a,farm-003,Rice,Assam,2023,Kharif,2023-08-12,Urea (46-0-0),fertilizer,nitrogen,122.4,kg/ha,foliar,overcast,35.3,
CHEM-0229,plot-003a,farm-003,Rice,Assam,2023,Kharif,2023-08-11,MOP (0-0-60),fertilizer,potassium,56.5,kg/ha,foliar,cloudy,39.2,
CHEM-0230,plot-003a,farm-003,Rice,Assam,2023,Kharif,2023-08-17,Urea (46-0-0),fertilizer,nitrogen,131.5,kg/ha,drip,clear,25.2,
CHEM-0231,plot-003a,farm-003,Rice,Assam,2023,Kharif,2023-06-20,Ammonium Sulphate,fertilizer,nitrogen,99.3,kg/ha,foliar,overcast,24.0,
CHEM-0232,plot-003a,farm-003,Rice,Assam,2023,Kharif,2023-09-03,Imidacloprid 17.8SL,pesticide,insecticide,134.2,ml/ha,power sprayer,evening calm,27.6,
CHEM-0233,plot-003a,farm-003,Rice,Assam,2024,Kharif,2024-06-23,Ammonium Sulphate,fertilizer,nitrogen,112.4,kg/ha,band,light rain,30.2,
CHEM-0234,plot-003a,farm-003,Rice,Assam,2024,Kharif,2024-06-08,DAP (18-46-0),fertilizer,phosphorus,99.3,kg/ha,drip,clear,27.2,
CHEM-0235,plot-003a,farm-003,Rice,Assam,2024,Kharif,2024-07-20,Propiconazole 25EC,pesticide,fungicide,587.0,ml/ha,foliar spray,clear morning,26.9,
CHEM-0236,plot-003a,farm-003,Rice,Assam,2024,Kharif,2024-09-27,"2,4-D Sodium Salt 80WP",pesticide,herbicide,762.8,g/ha,foliar spray,clear morning,37.6,
CHEM-0237,plot-003a,farm-003,Rice,Assam,2024,Kharif,2024-08-05,Imidacloprid 17.8SL,pesticide,insecticide,134.0,ml/ha,knapsack,clear morning,28.9,
CHEM-0238,plot-003a,farm-003,Rice,Assam,2025,Kharif,2025-07-06,DAP (18-46-0),fertilizer,phosphorus,75.9,kg/ha,band,light rain,38.7,
CHEM-0239,plot-003a,farm-003,Rice,Assam,2025,Kharif,2025-07-28,NPK 20:20:0,fertilizer,complex,80.8,kg/ha,broadcast,light rain,23.9,
CHEM-0240,plot-003a,farm-003,Rice,Assam,2025,Kharif,2025-08-20,Carbendazim 50WP,pesticide,fungicide,281.3,g/ha,foliar spray,evening calm,32.3,
CHEM-0241,plot-003a,farm-003,Rice,Assam,2025,Kharif,2025-08-27,Lambda Cyhalothrin 5EC,pesticide,insecticide,351.4,ml/ha,foliar spray,clear morning,23.3,
CHEM-0242,plot-003a,farm-003,Rice,Assam,2025,Kharif,2025-09-20,Carbendazim 50WP,pesticide,fungicide,412.8,g/ha,foliar spray,cloudy,36.2,
CHEM-0243,plot-003a,farm-003,Rice,Assam,2026,Kharif,2026-07-16,Ammonium Sulphate,fertilizer,nitrogen,94.9,kg/ha,band,overcast,25.9,
CHEM-0244,plot-003a,farm-003,Rice,Assam,2026,Kharif,2026-06-15,DAP (18-46-0),fertilizer,phosphorus,84.4,kg/ha,drip,overcast,29.3,
CHEM-0245,plot-003a,farm-003,Rice,Assam,2026,Kharif,2026-07-28,SSP (Single Super Phosphate),fertilizer,phosphorus,160.7,kg/ha,foliar,light rain,39.5,
CHEM-0246,plot-003a,farm-003,Rice,Assam,2026,Kharif,2026-05-11,MOP (0-0-60),fertilizer,potassium,68.0,kg/ha,band,overcast,22.5,
CHEM-0247,plot-003a,farm-003,Rice,Assam,2026,Kharif,2026-06-10,Mancozeb 75WP,pesticide,fungicide,1711.3,g/ha,drone,evening calm,28.7,
CHEM-0248,plot-003a,farm-003,Rice,Assam,2026,Kharif,2026-08-07,Lambda Cyhalothrin 5EC,pesticide,insecticide,544.0,ml/ha,knapsack,cloudy,37.9,
CHEM-0249,plot-003b,farm-003,Arecanut,Assam,2020,Rabi,2020-12-01,Borax,fertilizer,micronutrient,13.8,kg/ha,broadcast,overcast,30.1,
CHEM-0250,plot-003b,farm-003,Arecanut,Assam,2020,Rabi,2020-12-02,NPK 20:20:0,fertilizer,complex,72.9,kg/ha,broadcast,light rain,29.9,
CHEM-0251,plot-003b,farm-003,Arecanut,Assam,2020,Rabi,2020-11-28,Borax,fertilizer,micronutrient,7.9,kg/ha,broadcast,overcast,22.7,
CHEM-0252,plot-003b,farm-003,Arecanut,Assam,2020,Rabi,2020-02-02,Propiconazole 25EC,pesticide,fungicide,705.5,ml/ha,drone,clear morning,31.1,
CHEM-0253,plot-003b,farm-003,Arecanut,Assam,2020,Rabi,2020-02-03,Mancozeb 75WP,pesticide,fungicide,2043.8,g/ha,drone,evening calm,29.2,
CHEM-0254,plot-003b,farm-003,Arecanut,Assam,2021,Rabi,2021-11-05,Ammonium Sulphate,fertilizer,nitrogen,107.8,kg/ha,broadcast,overcast,27.5,
CHEM-0255,plot-003b,farm-003,Arecanut,Assam,2021,Rabi,2021-12-25,SSP (Single Super Phosphate),fertilizer,phosphorus,155.8,kg/ha,band,cloudy,32.0,
CHEM-0256,plot-003b,farm-003,Arecanut,Assam,2021,Rabi,2021-11-02,Zinc Sulphate,fertilizer,micronutrient,17.5,kg/ha,band,light rain,36.1,
CHEM-0257,plot-003b,farm-003,Arecanut,Assam,2021,Rabi,2021-11-11,Borax,fertilizer,micronutrient,6.5,kg/ha,foliar,cloudy,27.9,
CHEM-0258,plot-003b,farm-003,Arecanut,Assam,2021,Rabi,2021-03-27,Carbendazim 50WP,pesticide,fungicide,398.4,g/ha,drone,evening calm,31.0,
CHEM-0259,plot-003b,farm-003,Arecanut,Assam,2021,Rabi,2021-02-11,"2,4-D Sodium Salt 80WP",pesticide,herbicide,907.9,g/ha,foliar spray,cloudy,31.3,
CHEM-0260,plot-003b,farm-003,Arecanut,Assam,2021,Rabi,2021-02-21,Chlorpyrifos 20EC,pesticide,insecticide,1895.4,ml/ha,knapsack,evening calm,22.8,
CHEM-0261,plot-003b,farm-003,Arecanut,Assam,2022,Rabi,2022-12-05,MOP (0-0-60),fertilizer,potassium,56.2,kg/ha,band,clear,31.5,
CHEM-0262,plot-003b,farm-003,Arecanut,Assam,2022,Rabi,2022-12-11,DAP (18-46-0),fertilizer,phosphorus,59.5,kg/ha,drip,cloudy,28.3,
CHEM-0263,plot-003b,farm-003,Arecanut,Assam,2022,Rabi,2022-12-28,NPK 20:20:0,fertilizer,complex,84.6,kg/ha,broadcast,cloudy,30.4,
CHEM-0264,plot-003b,farm-003,Arecanut,Assam,2022,Rabi,2022-02-17,Propiconazole 25EC,pesticide,fungicide,799.2,ml/ha,drone,cloudy,37.3,
CHEM-0265,plot-003b,farm-003,Arecanut,Assam,2022,Rabi,2022-02-18,"2,4-D Sodium Salt 80WP",pesticide,herbicide,956.1,g/ha,power sprayer,evening calm,34.4,
CHEM-0266,plot-003b,farm-003,Arecanut,Assam,2022,Rabi,2022-01-08,Carbendazim 50WP,pesticide,fungicide,402.5,g/ha,power sprayer,evening calm,26.8,
CHEM-0267,plot-003b,farm-003,Arecanut,Assam,2023,Rabi,2023-12-11,Ammonium Sulphate,fertilizer,nitrogen,99.3,kg/ha,drip,light rain,31.2,
CHEM-0268,plot-003b,farm-003,Arecanut,Assam,2023,Rabi,2023-12-13,Ammonium Sulphate,fertilizer,nitrogen,70.1,kg/ha,foliar,cloudy,25.8,
CHEM-0269,plot-003b,farm-003,Arecanut,Assam,2023,Rabi,2023-11-12,Ammonium Sulphate,fertilizer,nitrogen,116.9,kg/ha,drip,light rain,34.9,
CHEM-0270,plot-003b,farm-003,Arecanut,Assam,2023,Rabi,2023-02-18,Mancozeb 75WP,pesticide,fungicide,2741.9,g/ha,power sprayer,clear morning,23.7,
CHEM-0271,plot-003b,farm-003,Arecanut,Assam,2024,Rabi,2024-11-21,NPK 20:20:0,fertilizer,complex,74.5,kg/ha,band,clear,22.0,
CHEM-0272,plot-003b,farm-003,Arecanut,Assam,2024,Rabi,2024-11-22,SSP (Single Super Phosphate),fertilizer,phosphorus,171.7,kg/ha,band,clear,39.3,
CHEM-0273,plot-003b,farm-003,Arecanut,Assam,2024,Rabi,2024-12-16,MOP (0-0-60),fertilizer,potassium,50.3,kg/ha,band,light rain,26.4,
CHEM-0274,plot-003b,farm-003,Arecanut,Assam,2024,Rabi,2024-11-21,Urea (46-0-0),fertilizer,nitrogen,143.6,kg/ha,band,clear,38.3,
CHEM-0275,plot-003b,farm-003,Arecanut,Assam,2024,Rabi,2024-01-02,Glyphosate 41SL,pesticide,herbicide,2823.4,ml/ha,drone,cloudy,25.0,
CHEM-0276,plot-003b,farm-003,Arecanut,Assam,2025,Rabi,2025-11-10,Ammonium Sulphate,fertilizer,nitrogen,111.4,kg/ha,broadcast,light rain,25.7,
CHEM-0277,plot-003b,farm-003,Arecanut,Assam,2025,Rabi,2025-11-28,Borax,fertilizer,micronutrient,13.9,kg/ha,drip,light rain,23.9,
CHEM-0278,plot-003b,farm-003,Arecanut,Assam,2025,Rabi,2025-12-21,DAP (18-46-0),fertilizer,phosphorus,66.5,kg/ha,foliar,cloudy,20.3,
CHEM-0279,plot-003b,farm-003,Arecanut,Assam,2025,Rabi,2025-11-06,SSP (Single Super Phosphate),fertilizer,phosphorus,179.1,kg/ha,drip,overcast,30.3,
CHEM-0280,plot-003b,farm-003,Arecanut,Assam,2025,Rabi,2025-01-05,Glyphosate 41SL,pesticide,herbicide,2503.9,ml/ha,drone,cloudy,37.0,
CHEM-0281,plot-003b,farm-003,Arecanut,Assam,2026,Rabi,2026-12-25,Ammonium Sulphate,fertilizer,nitrogen,76.9,kg/ha,foliar,light rain,26.0,
CHEM-0282,plot-003b,farm-003,Arecanut,Assam,2026,Rabi,2026-12-23,Urea (46-0-0),fertilizer,nitrogen,98.3,kg/ha,band,clear,33.4,
CHEM-0283,plot-003b,farm-003,Arecanut,Assam,2026,Rabi,2026-03-17,Carbendazim 50WP,pesticide,fungicide,289.9,g/ha,power sprayer,evening calm,23.9,
CHEM-0284,plot-003b,farm-003,Arecanut,Assam,2026,Rabi,2026-01-08,Carbendazim 50WP,pesticide,fungicide,341.9,g/ha,knapsack,cloudy,24.5,
CHEM-0285,plot-003c,farm-003,Potato,Assam,2020,Rabi,2020-12-25,SSP (Single Super Phosphate),fertilizer,phosphorus,141.6,kg/ha,band,cloudy,33.6,
CHEM-0286,plot-003c,farm-003,Potato,Assam,2020,Rabi,2020-12-03,DAP (18-46-0),fertilizer,phosphorus,76.3,kg/ha,broadcast,clear,36.6,
CHEM-0287,plot-003c,farm-003,Potato,Assam,2020,Rabi,2020-11-06,NPK 20:20:0,fertilizer,complex,94.4,kg/ha,foliar,overcast,22.3,
CHEM-0288,plot-003c,farm-003,Potato,Assam,2020,Rabi,2020-12-03,NPK 20:20:0,fertilizer,complex,103.0,kg/ha,drip,clear,29.1,
CHEM-0289,plot-003c,farm-003,Potato,Assam,2020,Rabi,2020-01-18,Glyphosate 41SL,pesticide,herbicide,2185.2,ml/ha,drone,evening calm,34.9,
CHEM-0290,plot-003c,farm-003,Potato,Assam,2020,Rabi,2020-01-24,Chlorpyrifos 20EC,pesticide,insecticide,1593.9,ml/ha,knapsack,evening calm,23.2,
CHEM-0291,plot-003c,farm-003,Potato,Assam,2020,Rabi,2020-01-18,Glyphosate 41SL,pesticide,herbicide,2016.8,ml/ha,foliar spray,clear morning,37.8,
CHEM-0292,plot-003c,farm-003,Potato,Assam,2021,Rabi,2021-11-25,Urea (46-0-0),fertilizer,nitrogen,100.1,kg/ha,band,overcast,27.5,
CHEM-0293,plot-003c,farm-003,Potato,Assam,2021,Rabi,2021-12-13,Zinc Sulphate,fertilizer,micronutrient,16.7,kg/ha,broadcast,cloudy,33.1,
CHEM-0294,plot-003c,farm-003,Potato,Assam,2021,Rabi,2021-12-17,SSP (Single Super Phosphate),fertilizer,phosphorus,111.9,kg/ha,band,cloudy,36.7,
CHEM-0295,plot-003c,farm-003,Potato,Assam,2021,Rabi,2021-03-18,Carbendazim 50WP,pesticide,fungicide,365.8,g/ha,drone,evening calm,28.1,
CHEM-0296,plot-003c,farm-003,Potato,Assam,2022,Rabi,2022-11-09,NPK 20:20:0,fertilizer,complex,87.6,kg/ha,band,clear,20.6,
CHEM-0297,plot-003c,farm-003,Potato,Assam,2022,Rabi,2022-11-08,Zinc Sulphate,fertilizer,micronutrient,19.2,kg/ha,band,clear,22.0,
CHEM-0298,plot-003c,farm-003,Potato,Assam,2022,Rabi,2022-03-28,"2,4-D Sodium Salt 80WP",pesticide,herbicide,798.9,g/ha,foliar spray,clear morning,33.8,
CHEM-0299,plot-003c,farm-003,Potato,Assam,2023,Rabi,2023-11-25,Borax,fertilizer,micronutrient,7.3,kg/ha,broadcast,cloudy,30.1,
CHEM-0300,plot-003c,farm-003,Potato,Assam,2023,Rabi,2023-12-19,Ammonium Sulphate,fertilizer,nitrogen,66.4,kg/ha,foliar,cloudy,26.0,
CHEM-0301,plot-003c,farm-003,Potato,Assam,2023,Rabi,2023-11-14,MOP (0-0-60),fertilizer,potassium,79.3,kg/ha,foliar,light rain,21.2,
CHEM-0302,plot-003c,farm-003,Potato,Assam,2023,Rabi,2023-02-18,Lambda Cyhalothrin 5EC,pesticide,insecticide,487.8,ml/ha,drone,clear morning,37.6,
CHEM-0303,plot-003c,farm-003,Potato,Assam,2023,Rabi,2023-02-23,Glyphosate 41SL,pesticide,herbicide,2678.7,ml/ha,drone,cloudy,24.4,
CHEM-0304,plot-003c,farm-003,Potato,Assam,2023,Rabi,2023-03-16,Glyphosate 41SL,pesticide,herbicide,1775.8,ml/ha,knapsack,clear morning,26.8,
CHEM-0305,plot-003c,farm-003,Potato,Assam,2024,Rabi,2024-11-18,MOP (0-0-60),fertilizer,potassium,70.3,kg/ha,drip,overcast,31.1,
CHEM-0306,plot-003c,farm-003,Potato,Assam,2024,Rabi,2024-12-07,MOP (0-0-60),fertilizer,potassium,49.4,kg/ha,foliar,clear,38.4,
CHEM-0307,plot-003c,farm-003,Potato,Assam,2024,Rabi,2024-11-02,SSP (Single Super Phosphate),fertilizer,phosphorus,109.2,kg/ha,foliar,overcast,33.5,
CHEM-0308,plot-003c,farm-003,Potato,Assam,2024,Rabi,2024-11-26,Urea (46-0-0),fertilizer,nitrogen,141.2,kg/ha,band,overcast,24.2,
CHEM-0309,plot-003c,farm-003,Potato,Assam,2024,Rabi,2024-01-07,Carbendazim 50WP,pesticide,fungicide,489.3,g/ha,knapsack,evening calm,23.9,
CHEM-0310,plot-003c,farm-003,Potato,Assam,2024,Rabi,2024-03-20,"2,4-D Sodium Salt 80WP",pesticide,herbicide,957.2,g/ha,knapsack,cloudy,36.6,
CHEM-0311,plot-003c,farm-003,Potato,Assam,2025,Rabi,2025-12-15,SSP (Single Super Phosphate),fertilizer,phosphorus,177.6,kg/ha,foliar,light rain,25.2,
CHEM-0312,plot-003c,farm-003,Potato,Assam,2025,Rabi,2025-12-25,Borax,fertilizer,micronutrient,9.7,kg/ha,foliar,cloudy,27.4,
CHEM-0313,plot-003c,farm-003,Potato,Assam,2025,Rabi,2025-11-24,Zinc Sulphate,fertilizer,micronutrient,10.7,kg/ha,band,clear,25.2,
CHEM-0314,plot-003c,farm-003,Potato,Assam,2025,Rabi,2025-11-11,Zinc Sulphate,fertilizer,micronutrient,14.4,kg/ha,band,overcast,31.4,
CHEM-0315,plot-003c,farm-003,Potato,Assam,2025,Rabi,2025-03-11,"2,4-D Sodium Salt 80WP",pesticide,herbicide,775.3,g/ha,power sprayer,cloudy,37.5,
CHEM-0316,plot-003c,farm-003,Potato,Assam,2026,Rabi,2026-12-06,Borax,fertilizer,micronutrient,9.6,kg/ha,band,overcast,23.7,
CHEM-0317,plot-003c,farm-003,Potato,Assam,2026,Rabi,2026-11-27,Urea (46-0-0),fertilizer,nitrogen,116.7,kg/ha,broadcast,clear,28.2,
CHEM-0318,plot-003c,farm-003,Potato,Assam,2026,Rabi,2026-11-01,NPK 20:20:0,fertilizer,complex,64.1,kg/ha,band,overcast,27.5,
CHEM-0319,plot-003c,farm-003,Potato,Assam,2026,Rabi,2026-11-01,Borax,fertilizer,micronutrient,11.6,kg/ha,drip,clear,20.3,
CHEM-0320,plot-003c,farm-003,Potato,Assam,2026,Rabi,2026-02-01,Carbendazim 50WP,pesticide,fungicide,383.9,g/ha,drone,clear morning,23.7,
CHEM-0321,plot-003c,farm-003,Potato,Assam,2026,Rabi,2026-01-07,Imidacloprid 17.8SL,pesticide,insecticide,142.9,ml/ha,power sprayer,cloudy,26.3,
CHEM-0322,plot-003c,farm-003,Potato,Assam,2026,Rabi,2026-02-15,Glyphosate 41SL,pesticide,herbicide,1618.5,ml/ha,knapsack,evening calm,25.6,
CHEM-0323,plot-004a,farm-004,Cotton(lint),Maharashtra,2020,Kharif,2020-05-03,DAP (18-46-0),fertilizer,phosphorus,82.7,kg/ha,drip,overcast,27.5,
CHEM-0324,plot-004a,farm-004,Cotton(lint),Maharashtra,2020,Kharif,2020-05-23,Borax,fertilizer,micronutrient,5.6,kg/ha,band,clear,30.0,
CHEM-0325,plot-004a,farm-004,Cotton(lint),Maharashtra,2020,Kharif,2020-07-19,Zinc Sulphate,fertilizer,micronutrient,19.7,kg/ha,broadcast,clear,24.6,
CHEM-0326,plot-004a,farm-004,Cotton(lint),Maharashtra,2020,Kharif,2020-05-22,Borax,fertilizer,micronutrient,7.7,kg/ha,foliar,clear,23.6,
CHEM-0327,plot-004a,farm-004,Cotton(lint),Maharashtra,2020,Kharif,2020-07-25,Chlorpyrifos 20EC,pesticide,insecticide,2442.2,ml/ha,drone,clear morning,26.8,
CHEM-0328,plot-004a,farm-004,Cotton(lint),Maharashtra,2020,Kharif,2020-09-22,Mancozeb 75WP,pesticide,fungicide,2350.0,g/ha,power sprayer,cloudy,34.1,
CHEM-0329,plot-004a,farm-004,Cotton(lint),Maharashtra,2021,Kharif,2021-07-02,DAP (18-46-0),fertilizer,phosphorus,75.0,kg/ha,broadcast,overcast,24.6,
CHEM-0330,plot-004a,farm-004,Cotton(lint),Maharashtra,2021,Kharif,2021-08-25,DAP (18-46-0),fertilizer,phosphorus,67.0,kg/ha,foliar,clear,32.7,
CHEM-0331,plot-004a,farm-004,Cotton(lint),Maharashtra,2021,Kharif,2021-09-14,"2,4-D Sodium Salt 80WP",pesticide,herbicide,614.1,g/ha,knapsack,evening calm,31.4,
CHEM-0332,plot-004a,farm-004,Cotton(lint),Maharashtra,2021,Kharif,2021-08-26,Glyphosate 41SL,pesticide,herbicide,1628.5,ml/ha,knapsack,evening calm,23.2,
CHEM-0333,plot-004a,farm-004,Cotton(lint),Maharashtra,2022,Kharif,2022-06-24,MOP (0-0-60),fertilizer,potassium,49.0,kg/ha,drip,light rain,27.2,
CHEM-0334,plot-004a,farm-004,Cotton(lint),Maharashtra,2022,Kharif,2022-07-15,DAP (18-46-0),fertilizer,phosphorus,50.3,kg/ha,foliar,light rain,22.0,
CHEM-0335,plot-004a,farm-004,Cotton(lint),Maharashtra,2022,Kharif,2022-08-18,DAP (18-46-0),fertilizer,phosphorus,59.4,kg/ha,drip,clear,20.5,
CHEM-0336,plot-004a,farm-004,Cotton(lint),Maharashtra,2022,Kharif,2022-08-28,Pretilachlor 50EC,pesticide,herbicide,637.2,ml/ha,drone,clear morning,26.7,
CHEM-0337,plot-004a,farm-004,Cotton(lint),Maharashtra,2022,Kharif,2022-07-19,Glyphosate 41SL,pesticide,herbicide,2668.8,ml/ha,knapsack,evening calm,28.1,
CHEM-0338,plot-004a,farm-004,Cotton(lint),Maharashtra,2023,Kharif,2023-08-05,Ammonium Sulphate,fertilizer,nitrogen,71.1,kg/ha,broadcast,cloudy,28.7,
CHEM-0339,plot-004a,farm-004,Cotton(lint),Maharashtra,2023,Kharif,2023-05-12,Zinc Sulphate,fertilizer,micronutrient,14.5,kg/ha,foliar,cloudy,34.4,
CHEM-0340,plot-004a,farm-004,Cotton(lint),Maharashtra,2023,Kharif,2023-07-10,Mancozeb 75WP,pesticide,fungicide,2186.8,g/ha,foliar spray,cloudy,27.3,
CHEM-0341,plot-004a,farm-004,Cotton(lint),Maharashtra,2023,Kharif,2023-08-15,Glyphosate 41SL,pesticide,herbicide,2706.1,ml/ha,power sprayer,cloudy,35.0,
CHEM-0342,plot-004a,farm-004,Cotton(lint),Maharashtra,2024,Kharif,2024-06-16,MOP (0-0-60),fertilizer,potassium,45.0,kg/ha,foliar,cloudy,39.3,
CHEM-0343,plot-004a,farm-004,Cotton(lint),Maharashtra,2024,Kharif,2024-08-19,SSP (Single Super Phosphate),fertilizer,phosphorus,129.1,kg/ha,band,light rain,27.5,
CHEM-0344,plot-004a,farm-004,Cotton(lint),Maharashtra,2024,Kharif,2024-06-19,Zinc Sulphate,fertilizer,micronutrient,15.5,kg/ha,band,clear,39.1,
CHEM-0345,plot-004a,farm-004,Cotton(lint),Maharashtra,2024,Kharif,2024-06-15,Borax,fertilizer,micronutrient,14.4,kg/ha,foliar,clear,36.4,
CHEM-0346,plot-004a,farm-004,Cotton(lint),Maharashtra,2024,Kharif,2024-08-08,"2,4-D Sodium Salt 80WP",pesticide,herbicide,569.6,g/ha,power sprayer,evening calm,24.5,
CHEM-0347,plot-004a,farm-004,Cotton(lint),Maharashtra,2024,Kharif,2024-06-15,Glyphosate 41SL,pesticide,herbicide,2683.6,ml/ha,drone,evening calm,28.4,
CHEM-0348,plot-004a,farm-004,Cotton(lint),Maharashtra,2025,Kharif,2025-07-23,Zinc Sulphate,fertilizer,micronutrient,7.3,kg/ha,broadcast,clear,35.4,
CHEM-0349,plot-004a,farm-004,Cotton(lint),Maharashtra,2025,Kharif,2025-05-19,SSP (Single Super Phosphate),fertilizer,phosphorus,46.7,kg/ha,drip,light rain,39.3,
CHEM-0350,plot-004a,farm-004,Cotton(lint),Maharashtra,2025,Kharif,2025-05-09,Zinc Sulphate,fertilizer,micronutrient,4.6,kg/ha,band,cloudy,28.9,
CHEM-0351,plot-004a,farm-004,Cotton(lint),Maharashtra,2025,Kharif,2025-06-12,Zinc Sulphate,fertilizer,micronutrient,6.8,kg/ha,broadcast,overcast,22.1,
CHEM-0352,plot-004a,farm-004,Cotton(lint),Maharashtra,2025,Kharif,2025-07-12,Imidacloprid 17.8SL,pesticide,insecticide,234.8,ml/ha,power sprayer,cloudy,29.3,Applied double dose - couldn't control bollworm
CHEM-0353,plot-004a,farm-004,Cotton(lint),Maharashtra,2025,Kharif,2025-08-16,Mancozeb 75WP,pesticide,fungicide,5704.2,g/ha,foliar spray,cloudy,33.6,Applied double dose - couldn't control bollworm
CHEM-0354,plot-004a,farm-004,Cotton(lint),Maharashtra,2026,Kharif,2026-05-26,SSP (Single Super Phosphate),fertilizer,phosphorus,106.7,kg/ha,broadcast,clear,37.0,
CHEM-0355,plot-004a,farm-004,Cotton(lint),Maharashtra,2026,Kharif,2026-06-24,DAP (18-46-0),fertilizer,phosphorus,83.9,kg/ha,band,cloudy,31.0,
CHEM-0356,plot-004a,farm-004,Cotton(lint),Maharashtra,2026,Kharif,2026-08-08,SSP (Single Super Phosphate),fertilizer,phosphorus,156.0,kg/ha,drip,cloudy,23.7,
CHEM-0357,plot-004a,farm-004,Cotton(lint),Maharashtra,2026,Kharif,2026-07-15,Glyphosate 41SL,pesticide,herbicide,2093.4,ml/ha,drone,cloudy,22.1,
CHEM-0358,plot-004a,farm-004,Cotton(lint),Maharashtra,2026,Kharif,2026-06-19,Mancozeb 75WP,pesticide,fungicide,1808.7,g/ha,foliar spray,evening calm,25.0,
CHEM-0359,plot-004a,farm-004,Cotton(lint),Maharashtra,2026,Kharif,2026-06-09,Propiconazole 25EC,pesticide,fungicide,478.8,ml/ha,drone,evening calm,37.5,
CHEM-0360,plot-004b,farm-004,Arhar/Tur,Maharashtra,2020,Rabi,2020-11-12,Zinc Sulphate,fertilizer,micronutrient,19.2,kg/ha,foliar,overcast,32.3,
CHEM-0361,plot-004b,farm-004,Arhar/Tur,Maharashtra,2020,Rabi,2020-11-22,Ammonium Sulphate,fertilizer,nitrogen,114.3,kg/ha,band,light rain,22.4,
CHEM-0362,plot-004b,farm-004,Arhar/Tur,Maharashtra,2020,Rabi,2020-12-23,Ammonium Sulphate,fertilizer,nitrogen,58.2,kg/ha,band,overcast,28.4,
CHEM-0363,plot-004b,farm-004,Arhar/Tur,Maharashtra,2020,Rabi,2020-02-21,Glyphosate 41SL,pesticide,herbicide,2134.6,ml/ha,knapsack,evening calm,24.7,
CHEM-0364,plot-004b,farm-004,Arhar/Tur,Maharashtra,2021,Rabi,2021-12-20,MOP (0-0-60),fertilizer,potassium,39.4,kg/ha,broadcast,light rain,39.0,
CHEM-0365,plot-004b,farm-004,Arhar/Tur,Maharashtra,2021,Rabi,2021-12-18,Borax,fertilizer,micronutrient,6.4,kg/ha,drip,overcast,33.7,
CHEM-0366,plot-004b,farm-004,Arhar/Tur,Maharashtra,2021,Rabi,2021-12-16,Zinc Sulphate,fertilizer,micronutrient,20.7,kg/ha,band,clear,31.3,
CHEM-0367,plot-004b,farm-004,Arhar/Tur,Maharashtra,2021,Rabi,2021-01-18,Carbendazim 50WP,pesticide,fungicide,258.2,g/ha,power sprayer,clear morning,34.5,
CHEM-0368,plot-004b,farm-004,Arhar/Tur,Maharashtra,2022,Rabi,2022-11-19,Borax,fertilizer,micronutrient,10.5,kg/ha,broadcast,light rain,35.5,
CHEM-0369,plot-004b,farm-004,Arhar/Tur,Maharashtra,2022,Rabi,2022-11-25,SSP (Single Super Phosphate),fertilizer,phosphorus,154.2,kg/ha,drip,cloudy,39.8,
CHEM-0370,plot-004b,farm-004,Arhar/Tur,Maharashtra,2022,Rabi,2022-11-10,DAP (18-46-0),fertilizer,phosphorus,86.8,kg/ha,broadcast,overcast,25.3,
CHEM-0371,plot-004b,farm-004,Arhar/Tur,Maharashtra,2022,Rabi,2022-11-25,DAP (18-46-0),fertilizer,phosphorus,72.0,kg/ha,band,cloudy,36.2,
CHEM-0372,plot-004b,farm-004,Arhar/Tur,Maharashtra,2022,Rabi,2022-03-21,Propiconazole 25EC,pesticide,fungicide,744.4,ml/ha,drone,clear morning,31.9,
CHEM-0373,plot-004b,farm-004,Arhar/Tur,Maharashtra,2022,Rabi,2022-01-19,Mancozeb 75WP,pesticide,fungicide,2720.3,g/ha,power sprayer,evening calm,26.5,
CHEM-0374,plot-004b,farm-004,Arhar/Tur,Maharashtra,2022,Rabi,2022-03-10,Pretilachlor 50EC,pesticide,herbicide,667.4,ml/ha,power sprayer,evening calm,26.3,
CHEM-0375,plot-004b,farm-004,Arhar/Tur,Maharashtra,2023,Rabi,2023-12-02,DAP (18-46-0),fertilizer,phosphorus,56.8,kg/ha,foliar,cloudy,34.0,
CHEM-0376,plot-004b,farm-004,Arhar/Tur,Maharashtra,2023,Rabi,2023-12-27,MOP (0-0-60),fertilizer,potassium,42.5,kg/ha,band,overcast,29.8,
CHEM-0377,plot-004b,farm-004,Arhar/Tur,Maharashtra,2023,Rabi,2023-12-15,Ammonium Sulphate,fertilizer,nitrogen,93.9,kg/ha,broadcast,clear,28.1,
CHEM-0378,plot-004b,farm-004,Arhar/Tur,Maharashtra,2023,Rabi,2023-12-15,Ammonium Sulphate,fertilizer,nitrogen,98.6,kg/ha,drip,light rain,31.6,
CHEM-0379,plot-004b,farm-004,Arhar/Tur,Maharashtra,2023,Rabi,2023-02-21,Imidacloprid 17.8SL,pesticide,insecticide,167.7,ml/ha,power sprayer,clear morning,34.7,
CHEM-0380,plot-004b,farm-004,Arhar/Tur,Maharashtra,2023,Rabi,2023-02-27,Glyphosate 41SL,pesticide,herbicide,1826.7,ml/ha,knapsack,cloudy,26.3,
CHEM-0381,plot-004b,farm-004,Arhar/Tur,Maharashtra,2023,Rabi,2023-03-05,Carbendazim 50WP,pesticide,fungicide,334.4,g/ha,drone,cloudy,36.3,
CHEM-0382,plot-004b,farm-004,Arhar/Tur,Maharashtra,2024,Rabi,2024-12-01,Urea (46-0-0),fertilizer,nitrogen,87.0,kg/ha,broadcast,cloudy,28.8,
CHEM-0383,plot-004b,farm-004,Arhar/Tur,Maharashtra,2024,Rabi,2024-12-07,Urea (46-0-0),fertilizer,nitrogen,149.4,kg/ha,band,light rain,23.2,
CHEM-0384,plot-004b,farm-004,Arhar/Tur,Maharashtra,2024,Rabi,2024-02-03,Imidacloprid 17.8SL,pesticide,insecticide,158.6,ml/ha,power sprayer,evening calm,36.5,
CHEM-0385,plot-004b,farm-004,Arhar/Tur,Maharashtra,2024,Rabi,2024-03-10,Lambda Cyhalothrin 5EC,pesticide,insecticide,315.5,ml/ha,knapsack,cloudy,32.5,
CHEM-0386,plot-004b,farm-004,Arhar/Tur,Maharashtra,2025,Rabi,2025-12-03,DAP (18-46-0),fertilizer,phosphorus,50.1,kg/ha,band,cloudy,30.4,
CHEM-0387,plot-004b,farm-004,Arhar/Tur,Maharashtra,2025,Rabi,2025-12-27,Borax,fertilizer,micronutrient,5.1,kg/ha,broadcast,overcast,33.9,
CHEM-0388,plot-004b,farm-004,Arhar/Tur,Maharashtra,2025,Rabi,2025-12-03,Borax,fertilizer,micronutrient,5.7,kg/ha,broadcast,clear,26.3,
CHEM-0389,plot-004b,farm-004,Arhar/Tur,Maharashtra,2025,Rabi,2025-11-21,Ammonium Sulphate,fertilizer,nitrogen,59.6,kg/ha,band,clear,30.6,
CHEM-0390,plot-004b,farm-004,Arhar/Tur,Maharashtra,2025,Rabi,2025-03-07,Lambda Cyhalothrin 5EC,pesticide,insecticide,432.0,ml/ha,knapsack,cloudy,31.9,
CHEM-0391,plot-004b,farm-004,Arhar/Tur,Maharashtra,2026,Rabi,2026-11-05,NPK 20:20:0,fertilizer,complex,65.2,kg/ha,broadcast,overcast,27.0,
CHEM-0392,plot-004b,farm-004,Arhar/Tur,Maharashtra,2026,Rabi,2026-11-08,Zinc Sulphate,fertilizer,micronutrient,14.7,kg/ha,foliar,clear,25.0,
CHEM-0393,plot-004b,farm-004,Arhar/Tur,Maharashtra,2026,Rabi,2026-11-28,Ammonium Sulphate,fertilizer,nitrogen,104.5,kg/ha,foliar,cloudy,30.4,
CHEM-0394,plot-004b,farm-004,Arhar/Tur,Maharashtra,2026,Rabi,2026-02-21,Mancozeb 75WP,pesticide,fungicide,2621.8,g/ha,foliar spray,clear morning,29.9,
CHEM-0395,plot-004b,farm-004,Arhar/Tur,Maharashtra,2026,Rabi,2026-03-20,Imidacloprid 17.8SL,pesticide,insecticide,108.9,ml/ha,foliar spray,evening calm,36.2,
CHEM-0396,plot-004b,farm-004,Arhar/Tur,Maharashtra,2026,Rabi,2026-02-05,Chlorpyrifos 20EC,pesticide,insecticide,2480.3,ml/ha,drone,evening calm,28.7,
CHEM-0397,plot-004c,farm-004,Onion,Maharashtra,2020,Rabi,2020-11-01,MOP (0-0-60),fertilizer,potassium,68.1,kg/ha,broadcast,clear,25.2,
CHEM-0398,plot-004c,farm-004,Onion,Maharashtra,2020,Rabi,2020-12-17,Urea (46-0-0),fertilizer,nitrogen,144.6,kg/ha,foliar,overcast,28.5,
CHEM-0399,plot-004c,farm-004,Onion,Maharashtra,2020,Rabi,2020-11-09,Zinc Sulphate,fertilizer,micronutrient,11.2,kg/ha,broadcast,light rain,21.6,
CHEM-0400,plot-004c,farm-004,Onion,Maharashtra,2020,Rabi,2020-11-18,NPK 20:20:0,fertilizer,complex,118.5,kg/ha,foliar,overcast,31.7,
CHEM-0401,plot-004c,farm-004,Onion,Maharashtra,2020,Rabi,2020-02-24,Imidacloprid 17.8SL,pesticide,insecticide,117.2,ml/ha,knapsack,clear morning,25.9,
CHEM-0402,plot-004c,farm-004,Onion,Maharashtra,2020,Rabi,2020-03-20,Glyphosate 41SL,pesticide,herbicide,1674.0,ml/ha,foliar spray,cloudy,32.7,
CHEM-0403,plot-004c,farm-004,Onion,Maharashtra,2020,Rabi,2020-03-05,Lambda Cyhalothrin 5EC,pesticide,insecticide,335.8,ml/ha,foliar spray,clear morning,29.9,
CHEM-0404,plot-004c,farm-004,Onion,Maharashtra,2021,Rabi,2021-11-24,Ammonium Sulphate,fertilizer,nitrogen,61.7,kg/ha,foliar,clear,35.4,
CHEM-0405,plot-004c,farm-004,Onion,Maharashtra,2021,Rabi,2021-12-09,Urea (46-0-0),fertilizer,nitrogen,103.5,kg/ha,broadcast,light rain,34.2,
CHEM-0406,plot-004c,farm-004,Onion,Maharashtra,2021,Rabi,2021-12-02,DAP (18-46-0),fertilizer,phosphorus,74.8,kg/ha,drip,cloudy,27.4,
CHEM-0407,plot-004c,farm-004,Onion,Maharashtra,2021,Rabi,2021-03-24,Imidacloprid 17.8SL,pesticide,insecticide,187.3,ml/ha,foliar spray,clear morning,33.9,
CHEM-0408,plot-004c,farm-004,Onion,Maharashtra,2021,Rabi,2021-01-08,Chlorpyrifos 20EC,pesticide,insecticide,1066.1,ml/ha,foliar spray,cloudy,27.8,
CHEM-0409,plot-004c,farm-004,Onion,Maharashtra,2022,Rabi,2022-11-18,MOP (0-0-60),fertilizer,potassium,76.6,kg/ha,drip,cloudy,26.4,
CHEM-0410,plot-004c,farm-004,Onion,Maharashtra,2022,Rabi,2022-12-09,Zinc Sulphate,fertilizer,micronutrient,23.7,kg/ha,broadcast,light rain,22.4,
CHEM-0411,plot-004c,farm-004,Onion,Maharashtra,2022,Rabi,2022-03-02,Chlorpyrifos 20EC,pesticide,insecticide,1269.0,ml/ha,drone,clear morning,36.0,
CHEM-0412,plot-004c,farm-004,Onion,Maharashtra,2022,Rabi,2022-02-11,Carbendazim 50WP,pesticide,fungicide,443.4,g/ha,foliar spray,evening calm,29.3,
CHEM-0413,plot-004c,farm-004,Onion,Maharashtra,2022,Rabi,2022-03-26,Propiconazole 25EC,pesticide,fungicide,480.3,ml/ha,power sprayer,evening calm,32.0,
CHEM-0414,plot-004c,farm-004,Onion,Maharashtra,2023,Rabi,2023-12-25,SSP (Single Super Phosphate),fertilizer,phosphorus,159.2,kg/ha,band,cloudy,23.0,
CHEM-0415,plot-004c,farm-004,Onion,Maharashtra,2023,Rabi,2023-12-21,Zinc Sulphate,fertilizer,micronutrient,10.4,kg/ha,broadcast,light rain,20.0,
CHEM-0416,plot-004c,farm-004,Onion,Maharashtra,2023,Rabi,2023-12-04,Zinc Sulphate,fertilizer,micronutrient,22.7,kg/ha,band,cloudy,28.4,
CHEM-0417,plot-004c,farm-004,Onion,Maharashtra,2023,Rabi,2023-01-02,Lambda Cyhalothrin 5EC,pesticide,insecticide,513.5,ml/ha,knapsack,evening calm,28.6,
CHEM-0418,plot-004c,farm-004,Onion,Maharashtra,2024,Rabi,2024-11-19,Borax,fertilizer,micronutrient,14.7,kg/ha,broadcast,cloudy,32.7,
CHEM-0419,plot-004c,farm-004,Onion,Maharashtra,2024,Rabi,2024-11-14,Zinc Sulphate,fertilizer,micronutrient,11.1,kg/ha,band,cloudy,25.8,
CHEM-0420,plot-004c,farm-004,Onion,Maharashtra,2024,Rabi,2024-12-23,SSP (Single Super Phosphate),fertilizer,phosphorus,192.6,kg/ha,foliar,light rain,29.1,
CHEM-0421,plot-004c,farm-004,Onion,Maharashtra,2024,Rabi,2024-01-25,Imidacloprid 17.8SL,pesticide,insecticide,193.2,ml/ha,foliar spray,clear morning,23.7,
CHEM-0422,plot-004c,farm-004,Onion,Maharashtra,2025,Rabi,2025-11-18,Borax,fertilizer,micronutrient,8.1,kg/ha,foliar,cloudy,29.0,
CHEM-0423,plot-004c,farm-004,Onion,Maharashtra,2025,Rabi,2025-11-03,Borax,fertilizer,micronutrient,7.7,kg/ha,band,light rain,36.5,
CHEM-0424,plot-004c,farm-004,Onion,Maharashtra,2025,Rabi,2025-12-05,Urea (46-0-0),fertilizer,nitrogen,95.1,kg/ha,broadcast,cloudy,39.4,
CHEM-0425,plot-004c,farm-004,Onion,Maharashtra,2025,Rabi,2025-02-09,Pretilachlor 50EC,pesticide,herbicide,619.6,ml/ha,knapsack,clear morning,37.2,
CHEM-0426,plot-004c,farm-004,Onion,Maharashtra,2025,Rabi,2025-03-08,"2,4-D Sodium Salt 80WP",pesticide,herbicide,778.0,g/ha,foliar spray,cloudy,23.6,
CHEM-0427,plot-004c,farm-004,Onion,Maharashtra,2026,Rabi,2026-11-05,DAP (18-46-0),fertilizer,phosphorus,50.6,kg/ha,band,overcast,27.4,
CHEM-0428,plot-004c,farm-004,Onion,Maharashtra,2026,Rabi,2026-12-27,DAP (18-46-0),fertilizer,phosphorus,79.1,kg/ha,broadcast,clear,39.9,
CHEM-0429,plot-004c,farm-004,Onion,Maharashtra,2026,Rabi,2026-01-28,"2,4-D Sodium Salt 80WP",pesticide,herbicide,904.6,g/ha,power sprayer,clear morning,22.7,
CHEM-0430,plot-005a,farm-005,Wheat,Uttar Pradesh,2020,Rabi,2020-12-27,Urea (46-0-0),fertilizer,nitrogen,91.8,kg/ha,drip,overcast,20.6,
CHEM-0431,plot-005a,farm-005,Wheat,Uttar Pradesh,2020,Rabi,2020-11-06,Zinc Sulphate,fertilizer,micronutrient,12.6,kg/ha,foliar,light rain,28.9,
CHEM-0432,plot-005a,farm-005,Wheat,Uttar Pradesh,2020,Rabi,2020-11-21,MOP (0-0-60),fertilizer,potassium,31.7,kg/ha,foliar,overcast,28.2,
CHEM-0433,plot-005a,farm-005,Wheat,Uttar Pradesh,2020,Rabi,2020-02-13,"2,4-D Sodium Salt 80WP",pesticide,herbicide,530.5,g/ha,knapsack,cloudy,25.2,
CHEM-0434,plot-005a,farm-005,Wheat,Uttar Pradesh,2020,Rabi,2020-03-26,Pretilachlor 50EC,pesticide,herbicide,699.7,ml/ha,foliar spray,cloudy,34.5,
CHEM-0435,plot-005a,farm-005,Wheat,Uttar Pradesh,2020,Rabi,2020-02-12,Propiconazole 25EC,pesticide,fungicide,591.9,ml/ha,power sprayer,cloudy,26.3,
CHEM-0436,plot-005a,farm-005,Wheat,Uttar Pradesh,2021,Rabi,2021-11-26,SSP (Single Super Phosphate),fertilizer,phosphorus,159.7,kg/ha,foliar,clear,36.2,
CHEM-0437,plot-005a,farm-005,Wheat,Uttar Pradesh,2021,Rabi,2021-11-06,Borax,fertilizer,micronutrient,10.3,kg/ha,broadcast,cloudy,33.1,
CHEM-0438,plot-005a,farm-005,Wheat,Uttar Pradesh,2021,Rabi,2021-03-02,Pretilachlor 50EC,pesticide,herbicide,926.5,ml/ha,knapsack,evening calm,35.5,
CHEM-0439,plot-005a,farm-005,Wheat,Uttar Pradesh,2021,Rabi,2021-01-06,Glyphosate 41SL,pesticide,herbicide,2032.2,ml/ha,knapsack,evening calm,27.1,
CHEM-0440,plot-005a,farm-005,Wheat,Uttar Pradesh,2022,Rabi,2022-11-23,SSP (Single Super Phosphate),fertilizer,phosphorus,191.4,kg/ha,foliar,cloudy,31.3,
CHEM-0441,plot-005a,farm-005,Wheat,Uttar Pradesh,2022,Rabi,2022-12-18,NPK 20:20:0,fertilizer,complex,110.2,kg/ha,foliar,cloudy,29.8,
CHEM-0442,plot-005a,farm-005,Wheat,Uttar Pradesh,2022,Rabi,2022-11-01,DAP (18-46-0),fertilizer,phosphorus,52.8,kg/ha,drip,clear,26.6,
CHEM-0443,plot-005a,farm-005,Wheat,Uttar Pradesh,2022,Rabi,2022-12-23,NPK 20:20:0,fertilizer,complex,108.4,kg/ha,band,light rain,21.2,
CHEM-0444,plot-005a,farm-005,Wheat,Uttar Pradesh,2022,Rabi,2022-03-28,Lambda Cyhalothrin 5EC,pesticide,insecticide,532.3,ml/ha,power sprayer,clear morning,28.0,
CHEM-0445,plot-005a,farm-005,Wheat,Uttar Pradesh,2023,Rabi,2023-12-10,Zinc Sulphate,fertilizer,micronutrient,18.8,kg/ha,foliar,cloudy,39.5,
CHEM-0446,plot-005a,farm-005,Wheat,Uttar Pradesh,2023,Rabi,2023-12-21,Zinc Sulphate,fertilizer,micronutrient,21.9,kg/ha,foliar,cloudy,34.1,
CHEM-0447,plot-005a,farm-005,Wheat,Uttar Pradesh,2023,Rabi,2023-11-13,SSP (Single Super Phosphate),fertilizer,phosphorus,122.3,kg/ha,foliar,light rain,22.5,
CHEM-0448,plot-005a,farm-005,Wheat,Uttar Pradesh,2023,Rabi,2023-12-28,Urea (46-0-0),fertilizer,nitrogen,146.4,kg/ha,broadcast,cloudy,32.0,
CHEM-0449,plot-005a,farm-005,Wheat,Uttar Pradesh,2023,Rabi,2023-01-16,Mancozeb 75WP,pesticide,fungicide,2459.5,g/ha,knapsack,cloudy,33.9,
CHEM-0450,plot-005a,farm-005,Wheat,Uttar Pradesh,2023,Rabi,2023-02-06,Mancozeb 75WP,pesticide,fungicide,2020.2,g/ha,foliar spray,evening calm,32.7,
CHEM-0451,plot-005a,farm-005,Wheat,Uttar Pradesh,2023,Rabi,2023-02-07,Propiconazole 25EC,pesticide,fungicide,578.7,ml/ha,knapsack,evening calm,23.1,
CHEM-0452,plot-005a,farm-005,Wheat,Uttar Pradesh,2024,Rabi,2024-11-13,DAP (18-46-0),fertilizer,phosphorus,86.0,kg/ha,drip,overcast,39.4,
CHEM-0453,plot-005a,farm-005,Wheat,Uttar Pradesh,2024,Rabi,2024-12-12,Zinc Sulphate,fertilizer,micronutrient,17.4,kg/ha,drip,clear,36.6,
CHEM-0454,plot-005a,farm-005,Wheat,Uttar Pradesh,2024,Rabi,2024-11-26,NPK 20:20:0,fertilizer,complex,69.8,kg/ha,broadcast,light rain,20.4,
CHEM-0455,plot-005a,farm-005,Wheat,Uttar Pradesh,2024,Rabi,2024-01-13,Imidacloprid 17.8SL,pesticide,insecticide,88.9,ml/ha,knapsack,evening calm,23.2,
CHEM-0456,plot-005a,farm-005,Wheat,Uttar Pradesh,2024,Rabi,2024-03-16,Imidacloprid 17.8SL,pesticide,insecticide,120.6,ml/ha,foliar spray,cloudy,37.1,
CHEM-0457,plot-005a,farm-005,Wheat,Uttar Pradesh,2025,Rabi,2025-11-11,Zinc Sulphate,fertilizer,micronutrient,12.4,kg/ha,band,cloudy,28.2,
CHEM-0458,plot-005a,farm-005,Wheat,Uttar Pradesh,2025,Rabi,2025-12-08,Ammonium Sulphate,fertilizer,nitrogen,96.2,kg/ha,broadcast,clear,27.9,
CHEM-0459,plot-005a,farm-005,Wheat,Uttar Pradesh,2025,Rabi,2025-02-01,"2,4-D Sodium Salt 80WP",pesticide,herbicide,576.8,g/ha,drone,clear morning,26.7,
CHEM-0460,plot-005a,farm-005,Wheat,Uttar Pradesh,2025,Rabi,2025-01-07,"2,4-D Sodium Salt 80WP",pesticide,herbicide,599.8,g/ha,knapsack,evening calm,26.7,
CHEM-0461,plot-005a,farm-005,Wheat,Uttar Pradesh,2025,Rabi,2025-01-10,Imidacloprid 17.8SL,pesticide,insecticide,136.8,ml/ha,drone,cloudy,29.8,
CHEM-0462,plot-005a,farm-005,Wheat,Uttar Pradesh,2026,Rabi,2026-12-06,Ammonium Sulphate,fertilizer,nitrogen,56.4,kg/ha,foliar,overcast,27.4,
CHEM-0463,plot-005a,farm-005,Wheat,Uttar Pradesh,2026,Rabi,2026-12-15,Borax,fertilizer,micronutrient,5.4,kg/ha,foliar,cloudy,36.7,
CHEM-0464,plot-005a,farm-005,Wheat,Uttar Pradesh,2026,Rabi,2026-11-03,Urea (46-0-0),fertilizer,nitrogen,90.6,kg/ha,foliar,overcast,39.4,
CHEM-0465,plot-005a,farm-005,Wheat,Uttar Pradesh,2026,Rabi,2026-12-27,NPK 20:20:0,fertilizer,complex,93.2,kg/ha,drip,overcast,31.5,
CHEM-0466,plot-005a,farm-005,Wheat,Uttar Pradesh,2026,Rabi,2026-02-28,"2,4-D Sodium Salt 80WP",pesticide,herbicide,649.4,g/ha,foliar spray,evening calm,31.1,
CHEM-0467,plot-005b,farm-005,Sugarcane,Uttar Pradesh,2020,Rabi,2020-12-06,MOP (0-0-60),fertilizer,potassium,36.0,kg/ha,band,cloudy,36.2,
CHEM-0468,plot-005b,farm-005,Sugarcane,Uttar Pradesh,2020,Rabi,2020-11-22,MOP (0-0-60),fertilizer,potassium,32.1,kg/ha,drip,cloudy,39.9,
CHEM-0469,plot-005b,farm-005,Sugarcane,Uttar Pradesh,2020,Rabi,2020-12-11,MOP (0-0-60),fertilizer,potassium,71.7,kg/ha,broadcast,clear,27.8,
CHEM-0470,plot-005b,farm-005,Sugarcane,Uttar Pradesh,2020,Rabi,2020-12-17,Zinc Sulphate,fertilizer,micronutrient,18.3,kg/ha,drip,clear,35.7,
CHEM-0471,plot-005b,farm-005,Sugarcane,Uttar Pradesh,2020,Rabi,2020-01-14,Pretilachlor 50EC,pesticide,herbicide,912.7,ml/ha,knapsack,clear morning,31.1,
CHEM-0472,plot-005b,farm-005,Sugarcane,Uttar Pradesh,2020,Rabi,2020-03-25,Imidacloprid 17.8SL,pesticide,insecticide,191.0,ml/ha,foliar spray,cloudy,35.9,
CHEM-0473,plot-005b,farm-005,Sugarcane,Uttar Pradesh,2020,Rabi,2020-02-13,Propiconazole 25EC,pesticide,fungicide,751.2,ml/ha,drone,evening calm,31.7,
CHEM-0474,plot-005b,farm-005,Sugarcane,Uttar Pradesh,2021,Rabi,2021-11-20,MOP (0-0-60),fertilizer,potassium,43.8,kg/ha,drip,clear,27.9,
CHEM-0475,plot-005b,farm-005,Sugarcane,Uttar Pradesh,2021,Rabi,2021-11-24,SSP (Single Super Phosphate),fertilizer,phosphorus,169.1,kg/ha,drip,light rain,37.9,
CHEM-0476,plot-005b,farm-005,Sugarcane,Uttar Pradesh,2021,Rabi,2021-02-10,Propiconazole 25EC,pesticide,fungicide,727.0,ml/ha,power sprayer,cloudy,35.7,
CHEM-0477,plot-005b,farm-005,Sugarcane,Uttar Pradesh,2022,Rabi,2022-11-05,DAP (18-46-0),fertilizer,phosphorus,98.6,kg/ha,foliar,overcast,35.5,
CHEM-0478,plot-005b,farm-005,Sugarcane,Uttar Pradesh,2022,Rabi,2022-12-20,SSP (Single Super Phosphate),fertilizer,phosphorus,126.9,kg/ha,broadcast,cloudy,28.8,
CHEM-0479,plot-005b,farm-005,Sugarcane,Uttar Pradesh,2022,Rabi,2022-12-27,Zinc Sulphate,fertilizer,micronutrient,21.1,kg/ha,broadcast,cloudy,21.3,
CHEM-0480,plot-005b,farm-005,Sugarcane,Uttar Pradesh,2022,Rabi,2022-11-06,Zinc Sulphate,fertilizer,micronutrient,12.0,kg/ha,band,cloudy,36.7,
CHEM-0481,plot-005b,farm-005,Sugarcane,Uttar Pradesh,2022,Rabi,2022-02-23,Chlorpyrifos 20EC,pesticide,insecticide,1684.7,ml/ha,knapsack,cloudy,27.9,
CHEM-0482,plot-005b,farm-005,Sugarcane,Uttar Pradesh,2023,Rabi,2023-11-22,Zinc Sulphate,fertilizer,micronutrient,19.5,kg/ha,broadcast,cloudy,27.4,
CHEM-0483,plot-005b,farm-005,Sugarcane,Uttar Pradesh,2023,Rabi,2023-12-19,Borax,fertilizer,micronutrient,6.8,kg/ha,foliar,light rain,23.3,
CHEM-0484,plot-005b,farm-005,Sugarcane,Uttar Pradesh,2023,Rabi,2023-11-10,Ammonium Sulphate,fertilizer,nitrogen,102.4,kg/ha,broadcast,overcast,21.0,
CHEM-0485,plot-005b,farm-005,Sugarcane,Uttar Pradesh,2023,Rabi,2023-03-08,Mancozeb 75WP,pesticide,fungicide,2785.7,g/ha,knapsack,cloudy,32.4,
CHEM-0486,plot-005b,farm-005,Sugarcane,Uttar Pradesh,2023,Rabi,2023-03-01,Pretilachlor 50EC,pesticide,herbicide,608.0,ml/ha,drone,clear morning,32.4,
CHEM-0487,plot-005b,farm-005,Sugarcane,Uttar Pradesh,2023,Rabi,2023-03-26,Chlorpyrifos 20EC,pesticide,insecticide,1335.7,ml/ha,power sprayer,evening calm,37.5,
CHEM-0488,plot-005b,farm-005,Sugarcane,Uttar Pradesh,2024,Rabi,2024-12-28,Ammonium Sulphate,fertilizer,nitrogen,79.7,kg/ha,foliar,overcast,25.0,
CHEM-0489,plot-005b,farm-005,Sugarcane,Uttar Pradesh,2024,Rabi,2024-12-19,Borax,fertilizer,micronutrient,8.0,kg/ha,broadcast,clear,30.2,
CHEM-0490,plot-005b,farm-005,Sugarcane,Uttar Pradesh,2024,Rabi,2024-12-10,SSP (Single Super Phosphate),fertilizer,phosphorus,156.1,kg/ha,broadcast,overcast,21.3,
CHEM-0491,plot-005b,farm-005,Sugarcane,Uttar Pradesh,2024,Rabi,2024-12-09,Ammonium Sulphate,fertilizer,nitrogen,94.8,kg/ha,foliar,cloudy,23.0,
CHEM-0492,plot-005b,farm-005,Sugarcane,Uttar Pradesh,2024,Rabi,2024-03-13,Chlorpyrifos 20EC,pesticide,insecticide,2208.1,ml/ha,power sprayer,evening calm,24.2,
CHEM-0493,plot-005b,farm-005,Sugarcane,Uttar Pradesh,2025,Rabi,2025-12-14,Borax,fertilizer,micronutrient,15.0,kg/ha,drip,overcast,34.7,
CHEM-0494,plot-005b,farm-005,Sugarcane,Uttar Pradesh,2025,Rabi,2025-11-22,NPK 20:20:0,fertilizer,complex,80.6,kg/ha,drip,light rain,30.1,
CHEM-0495,plot-005b,farm-005,Sugarcane,Uttar Pradesh,2025,Rabi,2025-01-16,Pretilachlor 50EC,pesticide,herbicide,672.5,ml/ha,knapsack,evening calm,26.1,
CHEM-0496,plot-005b,farm-005,Sugarcane,Uttar Pradesh,2026,Rabi,2026-12-21,MOP (0-0-60),fertilizer,potassium,77.3,kg/ha,broadcast,cloudy,27.1,
CHEM-0497,plot-005b,farm-005,Sugarcane,Uttar Pradesh,2026,Rabi,2026-12-12,Ammonium Sulphate,fertilizer,nitrogen,79.4,kg/ha,foliar,light rain,29.3,
CHEM-0498,plot-005b,farm-005,Sugarcane,Uttar Pradesh,2026,Rabi,2026-11-16,DAP (18-46-0),fertilizer,phosphorus,73.5,kg/ha,band,clear,37.3,
CHEM-0499,plot-005b,farm-005,Sugarcane,Uttar Pradesh,2026,Rabi,2026-12-02,Zinc Sulphate,fertilizer,micronutrient,17.9,kg/ha,band,cloudy,39.8,
CHEM-0500,plot-005b,farm-005,Sugarcane,Uttar Pradesh,2026,Rabi,2026-02-05,Glyphosate 41SL,pesticide,herbicide,2980.8,ml/ha,power sprayer,evening calm,24.9,
CHEM-0501,plot-005b,farm-005,Sugarcane,Uttar Pradesh,2026,Rabi,2026-03-06,Imidacloprid 17.8SL,pesticide,insecticide,138.5,ml/ha,power sprayer,evening calm,22.9,
CHEM-0502,plot-005c,farm-005,Rapeseed &Mustard,Uttar Pradesh,2020,Rabi,2020-11-19,Ammonium Sulphate,fertilizer,nitrogen,64.7,kg/ha,band,overcast,35.7,
CHEM-0503,plot-005c,farm-005,Rapeseed &Mustard,Uttar Pradesh,2020,Rabi,2020-12-21,DAP (18-46-0),fertilizer,phosphorus,56.5,kg/ha,drip,overcast,28.6,
CHEM-0504,plot-005c,farm-005,Rapeseed &Mustard,Uttar Pradesh,2020,Rabi,2020-11-18,Borax,fertilizer,micronutrient,8.8,kg/ha,band,light rain,39.0,
CHEM-0505,plot-005c,farm-005,Rapeseed &Mustard,Uttar Pradesh,2020,Rabi,2020-03-01,Pretilachlor 50EC,pesticide,herbicide,676.2,ml/ha,knapsack,clear morning,33.1,
CHEM-0506,plot-005c,farm-005,Rapeseed &Mustard,Uttar Pradesh,2020,Rabi,2020-01-13,Propiconazole 25EC,pesticide,fungicide,524.8,ml/ha,power sprayer,clear morning,23.0,
CHEM-0507,plot-005c,farm-005,Rapeseed &Mustard,Uttar Pradesh,2021,Rabi,2021-12-24,Ammonium Sulphate,fertilizer,nitrogen,116.4,kg/ha,foliar,overcast,37.8,
CHEM-0508,plot-005c,farm-005,Rapeseed &Mustard,Uttar Pradesh,2021,Rabi,2021-12-12,MOP (0-0-60),fertilizer,potassium,47.1,kg/ha,band,cloudy,39.0,
CHEM-0509,plot-005c,farm-005,Rapeseed &Mustard,Uttar Pradesh,2021,Rabi,2021-03-05,Chlorpyrifos 20EC,pesticide,insecticide,1342.6,ml/ha,knapsack,evening calm,22.4,
CHEM-0510,plot-005c,farm-005,Rapeseed &Mustard,Uttar Pradesh,2021,Rabi,2021-02-23,Pretilachlor 50EC,pesticide,herbicide,667.6,ml/ha,foliar spray,cloudy,36.0,
CHEM-0511,plot-005c,farm-005,Rapeseed &Mustard,Uttar Pradesh,2022,Rabi,2022-11-22,Urea (46-0-0),fertilizer,nitrogen,121.6,kg/ha,broadcast,clear,21.0,
CHEM-0512,plot-005c,farm-005,Rapeseed &Mustard,Uttar Pradesh,2022,Rabi,2022-12-04,DAP (18-46-0),fertilizer,phosphorus,70.8,kg/ha,foliar,overcast,34.0,
CHEM-0513,plot-005c,farm-005,Rapeseed &Mustard,Uttar Pradesh,2022,Rabi,2022-11-10,NPK 20:20:0,fertilizer,complex,101.7,kg/ha,drip,clear,33.2,
CHEM-0514,plot-005c,farm-005,Rapeseed &Mustard,Uttar Pradesh,2022,Rabi,2022-01-17,Lambda Cyhalothrin 5EC,pesticide,insecticide,425.6,ml/ha,foliar spray,cloudy,23.8,
CHEM-0515,plot-005c,farm-005,Rapeseed &Mustard,Uttar Pradesh,2022,Rabi,2022-03-07,Imidacloprid 17.8SL,pesticide,insecticide,139.7,ml/ha,power sprayer,evening calm,37.6,
CHEM-0516,plot-005c,farm-005,Rapeseed &Mustard,Uttar Pradesh,2023,Rabi,2023-11-18,Zinc Sulphate,fertilizer,micronutrient,14.4,kg/ha,drip,cloudy,33.8,
CHEM-0517,plot-005c,farm-005,Rapeseed &Mustard,Uttar Pradesh,2023,Rabi,2023-11-01,Borax,fertilizer,micronutrient,8.3,kg/ha,broadcast,clear,36.7,
CHEM-0518,plot-005c,farm-005,Rapeseed &Mustard,Uttar Pradesh,2023,Rabi,2023-11-25,Borax,fertilizer,micronutrient,6.5,kg/ha,broadcast,clear,38.1,
CHEM-0519,plot-005c,farm-005,Rapeseed &Mustard,Uttar Pradesh,2023,Rabi,2023-02-09,Mancozeb 75WP,pesticide,fungicide,2185.1,g/ha,drone,clear morning,23.6,
CHEM-0520,plot-005c,farm-005,Rapeseed &Mustard,Uttar Pradesh,2023,Rabi,2023-02-12,Lambda Cyhalothrin 5EC,pesticide,insecticide,562.2,ml/ha,power sprayer,cloudy,33.8,
CHEM-0521,plot-005c,farm-005,Rapeseed &Mustard,Uttar Pradesh,2023,Rabi,2023-01-01,Imidacloprid 17.8SL,pesticide,insecticide,182.1,ml/ha,knapsack,evening calm,32.4,
CHEM-0522,plot-005c,farm-005,Rapeseed &Mustard,Uttar Pradesh,2024,Rabi,2024-12-24,SSP (Single Super Phosphate),fertilizer,phosphorus,189.5,kg/ha,broadcast,light rain,36.3,
CHEM-0523,plot-005c,farm-005,Rapeseed &Mustard,Uttar Pradesh,2024,Rabi,2024-12-15,MOP (0-0-60),fertilizer,potassium,35.7,kg/ha,foliar,overcast,33.8,
CHEM-0524,plot-005c,farm-005,Rapeseed &Mustard,Uttar Pradesh,2024,Rabi,2024-11-04,Borax,fertilizer,micronutrient,13.0,kg/ha,band,clear,39.6,
CHEM-0525,plot-005c,farm-005,Rapeseed &Mustard,Uttar Pradesh,2024,Rabi,2024-03-16,Imidacloprid 17.8SL,pesticide,insecticide,129.9,ml/ha,drone,clear morning,31.8,
CHEM-0526,plot-005c,farm-005,Rapeseed &Mustard,Uttar Pradesh,2025,Rabi,2025-11-16,Urea (46-0-0),fertilizer,nitrogen,140.4,kg/ha,drip,clear,37.8,
CHEM-0527,plot-005c,farm-005,Rapeseed &Mustard,Uttar Pradesh,2025,Rabi,2025-12-21,Borax,fertilizer,micronutrient,5.5,kg/ha,foliar,clear,34.1,
CHEM-0528,plot-005c,farm-005,Rapeseed &Mustard,Uttar Pradesh,2025,Rabi,2025-12-17,NPK 20:20:0,fertilizer,complex,118.7,kg/ha,broadcast,overcast,33.2,
CHEM-0529,plot-005c,farm-005,Rapeseed &Mustard,Uttar Pradesh,2025,Rabi,2025-03-21,"2,4-D Sodium Salt 80WP",pesticide,herbicide,672.9,g/ha,drone,clear morning,35.4,
CHEM-0530,plot-005c,farm-005,Rapeseed &Mustard,Uttar Pradesh,2026,Rabi,2026-11-17,Urea (46-0-0),fertilizer,nitrogen,80.8,kg/ha,drip,overcast,37.4,
CHEM-0531,plot-005c,farm-005,Rapeseed &Mustard,Uttar Pradesh,2026,Rabi,2026-12-08,DAP (18-46-0),fertilizer,phosphorus,87.6,kg/ha,foliar,light rain,21.0,
CHEM-0532,plot-005c,farm-005,Rapeseed &Mustard,Uttar Pradesh,2026,Rabi,2026-12-13,NPK 20:20:0,fertilizer,complex,93.0,kg/ha,band,clear,29.2,
CHEM-0533,plot-005c,farm-005,Rapeseed &Mustard,Uttar Pradesh,2026,Rabi,2026-12-15,Borax,fertilizer,micronutrient,5.9,kg/ha,foliar,clear,39.6,
CHEM-0534,plot-005c,farm-005,Rapeseed &Mustard,Uttar Pradesh,2026,Rabi,2026-02-02,Chlorpyrifos 20EC,pesticide,insecticide,1154.0,ml/ha,foliar spray,clear morning,34.7,
CHEM-0535,plot-005c,farm-005,Rapeseed &Mustard,Uttar Pradesh,2026,Rabi,2026-03-07,Carbendazim 50WP,pesticide,fungicide,472.5,g/ha,drone,cloudy,27.8,
CHEM-0536,plot-005c,farm-005,Rapeseed &Mustard,Uttar Pradesh,2026,Rabi,2026-02-11,Chlorpyrifos 20EC,pesticide,insecticide,2224.9,ml/ha,drone,evening calm,32.5,
